Mach,Alpha,case,case_id,configuration,derivatives_per,altitude,velocity,pressure,temperature,reynolds,sref,cbar,blref,xcg,zcg,CD,CL,CM,CN,CA,XCP,CLA,CMA,CYB,CNB,CLB
0.1,0.0,1,"ATLAS-NOTABS, FIN SPAN 5.25 IN",WING-BODY CONFIGURATION,radian,24000.0,1330.35,13.665,511.538,668950.0,20.831,5.15,5.15,67.53,0.0,0.381,-0.0,0.0,-0.0,0.381,-2.198,10.93,-44.6,-1.951,-35.06,3.757e-32
0.2,0.0,1,"ATLAS-NOTABS, FIN SPAN 5.25 IN",WING-BODY CONFIGURATION,radian,24000.0,2660.7,13.665,511.538,1337900.0,20.831,5.15,5.15,67.53,0.0,0.336,-0.0,0.0,-0.0,0.336,-2.198,10.95,-44.74,-1.951,-38.73,3.759e-32
0.3,0.0,1,"ATLAS-NOTABS, FIN SPAN 5.25 IN",WING-BODY CONFIGURATION,radian,24000.0,3991.05,13.665,511.538,2006800.0,20.831,5.15,5.15,67.53,0.0,0.315,-0.0,0.0,-0.0,0.315,-2.198,10.98,-45.0,-1.951,-40.87,3.763e-32
0.4,0.0,1,"ATLAS-NOTABS, FIN SPAN 5.25 IN",WING-BODY CONFIGURATION,radian,24000.0,5321.4,13.665,511.538,2675800.0,20.831,5.15,5.15,67.53,0.0,0.303,-0.0,0.0,-0.0,0.303,-2.199,11.03,-45.39,-1.951,-42.39,3.768e-32
0.5,0.0,1,"ATLAS-NOTABS, FIN SPAN 5.25 IN",WING-BODY CONFIGURATION,radian,24000.0,6651.75,13.665,511.538,3344700.0,20.831,5.15,5.15,67.53,0.0,0.292,-0.0,0.0,-0.0,0.292,-2.199,11.1,-45.89,-1.951,-43.57,3.775e-32
0.6,0.0,1,"ATLAS-NOTABS, FIN SPAN 5.25 IN",WING-BODY CONFIGURATION,radian,24000.0,7982.1,13.665,511.538,4013700.0,20.831,5.15,5.15,67.53,0.0,0.283,-0.0,0.0,-0.0,0.283,-2.199,11.18,-46.53,-1.951,-44.54,3.7850000000000003e-32
0.7,0.0,1,"ATLAS-NOTABS, FIN SPAN 5.25 IN",WING-BODY CONFIGURATION,radian,24000.0,9312.45,13.665,511.538,4682600.0,20.831,5.15,5.15,67.53,0.0,0.274,0.0,,0.0,0.274,-3.944,11.03,-43.5,-2.032,-45.35,-6.046000000000001e-32
0.8,0.0,1,"ATLAS-NOTABS, FIN SPAN 5.25 IN",WING-BODY CONFIGURATION,radian,24000.0,10642.8,13.665,511.538,5351600.0,20.831,5.15,5.15,67.53,0.0,0.272,0.0,,0.0,0.272,-3.879,11.38,-44.16,-2.112,-46.06,-8.200000000000001e-32
0.9,0.0,1,"ATLAS-NOTABS, FIN SPAN 5.25 IN",WING-BODY CONFIGURATION,radian,24000.0,11973.14,13.665,511.538,6020500.0,20.831,5.15,5.15,67.53,0.0,0.279,0.0,,0.0,0.279,-3.959,12.09,-47.85,-2.193,-46.68,-1.1640000000000001e-31
1.0,0.0,1,"ATLAS-NOTABS, FIN SPAN 5.25 IN",WING-BODY CONFIGURATION,radian,24000.0,13303.49,13.665,511.538,6689500.0,20.831,5.15,5.15,67.53,0.0,0.348,0.0,,0.0,0.348,-4.088,13.01,-53.21,-2.273,-47.24,-1.6650000000000002e-31
1.1,0.0,1,"ATLAS-NOTABS, FIN SPAN 5.25 IN",WING-BODY CONFIGURATION,radian,24000.0,14633.84,13.665,511.538,7358400.0,20.831,5.15,5.15,67.53,0.0,0.272,0.0,,0.0,0.272,-3.79,12.52,-47.44,-2.354,-47.74,-1.731e-31
1.2,0.0,1,"ATLAS-NOTABS, FIN SPAN 5.25 IN",WING-BODY CONFIGURATION,radian,24000.0,15964.19,13.665,511.538,8027300.0,20.831,5.15,5.15,67.53,0.0,0.252,0.0,,0.0,0.252,-3.434,11.86,-40.73,-2.435,-48.2,-1.643e-31
1.3,0.0,1,"ATLAS-NOTABS, FIN SPAN 5.25 IN",WING-BODY CONFIGURATION,radian,24000.0,17294.54,13.665,511.538,8696300.0,20.831,5.15,5.15,67.53,0.0,0.339,0.0,,0.0,0.339,-3.506,12.49,-43.78,-2.515,-48.62,-2.234e-31
1.4,0.0,1,"ATLAS-NOTABS, FIN SPAN 5.25 IN",WING-BODY CONFIGURATION,radian,24000.0,18624.89,13.665,511.538,9365200.0,20.831,5.15,5.15,67.53,0.0,0.417,-0.0,-0.0,-0.0,0.417,,11.14,-32.85,-2.596,-49.02,-2.374e-31
1.5,0.0,1,"ATLAS-NOTABS, FIN SPAN 5.25 IN",WING-BODY CONFIGURATION,radian,24000.0,19955.24,13.665,511.538,10034000.0,20.831,5.15,5.15,67.53,0.0,0.404,0.0,-0.0,0.0,0.404,,10.33,-25.98,-2.645,-49.38,-1.671e-31
0.1,1.0,1,"ATLAS-NOTABS, FIN SPAN 5.25 IN",WING-BODY CONFIGURATION,radian,24000.0,1330.35,13.665,511.538,668950.0,20.831,5.15,5.15,67.53,0.0,0.383,0.195,-0.8081,0.201,0.38,-4.017,11.36,-48.01,,,-0.05222
0.2,1.0,1,"ATLAS-NOTABS, FIN SPAN 5.25 IN",WING-BODY CONFIGURATION,radian,24000.0,2660.7,13.665,511.538,1337900.0,20.831,5.15,5.15,67.53,0.0,0.339,0.195,-0.8106,0.201,0.335,-4.038,11.38,-48.14,,,-0.05228
0.3,1.0,1,"ATLAS-NOTABS, FIN SPAN 5.25 IN",WING-BODY CONFIGURATION,radian,24000.0,3991.05,13.665,511.538,2006800.0,20.831,5.15,5.15,67.53,0.0,0.317,0.195,-0.8149,0.201,0.314,-4.055,11.41,-48.37,,,-0.0524
0.4,1.0,1,"ATLAS-NOTABS, FIN SPAN 5.25 IN",WING-BODY CONFIGURATION,radian,24000.0,5321.4,13.665,511.538,2675800.0,20.831,5.15,5.15,67.53,0.0,0.305,0.196,-0.8212,0.202,0.301,-4.074,11.46,-48.72,,,-0.05257
0.5,1.0,1,"ATLAS-NOTABS, FIN SPAN 5.25 IN",WING-BODY CONFIGURATION,radian,24000.0,6651.75,13.665,511.538,3344700.0,20.831,5.15,5.15,67.53,0.0,0.294,0.197,-0.8296,0.202,0.29,-4.097,11.52,-49.17,,,-0.0528
0.6,1.0,1,"ATLAS-NOTABS, FIN SPAN 5.25 IN",WING-BODY CONFIGURATION,radian,24000.0,7982.1,13.665,511.538,4013700.0,20.831,5.15,5.15,67.53,0.0,0.286,0.199,-0.8408,0.204,0.282,-4.126,11.6,-49.81,,,-0.05315
0.7,1.0,1,"ATLAS-NOTABS, FIN SPAN 5.25 IN",WING-BODY CONFIGURATION,radian,24000.0,9312.45,13.665,511.538,4682600.0,20.831,5.15,5.15,67.53,0.0,,0.192,,,,,11.03,,,,-0.09891
0.8,1.0,1,"ATLAS-NOTABS, FIN SPAN 5.25 IN",WING-BODY CONFIGURATION,radian,24000.0,10642.8,13.665,511.538,5351600.0,20.831,5.15,5.15,67.53,0.0,,0.199,,,,,11.38,,,,-0.1354
0.9,1.0,1,"ATLAS-NOTABS, FIN SPAN 5.25 IN",WING-BODY CONFIGURATION,radian,24000.0,11973.14,13.665,511.538,6020500.0,20.831,5.15,5.15,67.53,0.0,,0.211,,,,,12.09,,,,-0.194
1.0,1.0,1,"ATLAS-NOTABS, FIN SPAN 5.25 IN",WING-BODY CONFIGURATION,radian,24000.0,13303.49,13.665,511.538,6689500.0,20.831,5.15,5.15,67.53,0.0,,0.227,,,,,13.01,,,,-0.2821
1.1,1.0,1,"ATLAS-NOTABS, FIN SPAN 5.25 IN",WING-BODY CONFIGURATION,radian,24000.0,14633.84,13.665,511.538,7358400.0,20.831,5.15,5.15,67.53,0.0,,0.218,,,,,12.52,,,,-0.2864
1.2,1.0,1,"ATLAS-NOTABS, FIN SPAN 5.25 IN",WING-BODY CONFIGURATION,radian,24000.0,15964.19,13.665,511.538,8027300.0,20.831,5.15,5.15,67.53,0.0,,0.207,,,,,11.86,,,,-0.2739
1.3,1.0,1,"ATLAS-NOTABS, FIN SPAN 5.25 IN",WING-BODY CONFIGURATION,radian,24000.0,17294.54,13.665,511.538,8696300.0,20.831,5.15,5.15,67.53,0.0,,0.218,,,,,12.49,,,,-0.3549
1.4,1.0,1,"ATLAS-NOTABS, FIN SPAN 5.25 IN",WING-BODY CONFIGURATION,radian,24000.0,18624.89,13.665,511.538,9365200.0,20.831,5.15,5.15,67.53,0.0,0.42,0.199,-0.5546,0.206,0.416,-2.695,12.0,,,,-0.2823
1.5,1.0,1,"ATLAS-NOTABS, FIN SPAN 5.25 IN",WING-BODY CONFIGURATION,radian,24000.0,19955.24,13.665,511.538,10034000.0,20.831,5.15,5.15,67.53,0.0,0.406,0.185,-0.4341,0.192,0.403,-2.266,11.19,,,,-0.211
0.1,2.0,1,"ATLAS-NOTABS, FIN SPAN 5.25 IN",WING-BODY CONFIGURATION,radian,24000.0,1330.35,13.665,511.538,668950.0,20.831,5.15,5.15,67.53,0.0,0.391,0.397,-1.6757,0.41,0.377,-4.087,11.79,-51.38,,,-0.1065
0.2,2.0,1,"ATLAS-NOTABS, FIN SPAN 5.25 IN",WING-BODY CONFIGURATION,radian,24000.0,2660.7,13.665,511.538,1337900.0,20.831,5.15,5.15,67.53,0.0,0.347,0.397,-1.6805,0.409,0.333,-4.107,11.8,-51.5,,,-0.1066
0.3,2.0,1,"ATLAS-NOTABS, FIN SPAN 5.25 IN",WING-BODY CONFIGURATION,radian,24000.0,3991.05,13.665,511.538,2006800.0,20.831,5.15,5.15,67.53,0.0,0.325,0.398,-1.6886,0.409,0.311,-4.124,11.83,-51.7,,,-0.1068
0.4,2.0,1,"ATLAS-NOTABS, FIN SPAN 5.25 IN",WING-BODY CONFIGURATION,radian,24000.0,5321.4,13.665,511.538,2675800.0,20.831,5.15,5.15,67.53,0.0,0.312,0.4,-1.7006,0.411,0.298,-4.142,11.87,-52.0,,,-0.1071
0.5,2.0,1,"ATLAS-NOTABS, FIN SPAN 5.25 IN",WING-BODY CONFIGURATION,radian,24000.0,6651.75,13.665,511.538,3344700.0,20.831,5.15,5.15,67.53,0.0,0.301,0.402,-1.7165,0.412,0.287,-4.163,11.93,-52.41,,,-0.1076
0.6,2.0,1,"ATLAS-NOTABS, FIN SPAN 5.25 IN",WING-BODY CONFIGURATION,radian,24000.0,7982.1,13.665,511.538,4013700.0,20.831,5.15,5.15,67.53,0.0,0.293,0.405,-1.7387,0.415,0.278,-4.19,12.01,-53.03,,,-0.1082
0.7,2.0,1,"ATLAS-NOTABS, FIN SPAN 5.25 IN",WING-BODY CONFIGURATION,radian,24000.0,9312.45,13.665,511.538,4682600.0,20.831,5.15,5.15,67.53,0.0,,0.385,,,,,11.03,,,,-0.1978
0.8,2.0,1,"ATLAS-NOTABS, FIN SPAN 5.25 IN",WING-BODY CONFIGURATION,radian,24000.0,10642.8,13.665,511.538,5351600.0,20.831,5.15,5.15,67.53,0.0,,0.397,,,,,11.38,,,,-0.2709
0.9,2.0,1,"ATLAS-NOTABS, FIN SPAN 5.25 IN",WING-BODY CONFIGURATION,radian,24000.0,11973.14,13.665,511.538,6020500.0,20.831,5.15,5.15,67.53,0.0,,0.422,,,,,12.09,,,,-0.3879
1.0,2.0,1,"ATLAS-NOTABS, FIN SPAN 5.25 IN",WING-BODY CONFIGURATION,radian,24000.0,13303.49,13.665,511.538,6689500.0,20.831,5.15,5.15,67.53,0.0,,0.454,,,,,13.01,,,,-0.5642
1.1,2.0,1,"ATLAS-NOTABS, FIN SPAN 5.25 IN",WING-BODY CONFIGURATION,radian,24000.0,14633.84,13.665,511.538,7358400.0,20.831,5.15,5.15,67.53,0.0,,0.437,,,,,12.52,,,,-0.5728
1.2,2.0,1,"ATLAS-NOTABS, FIN SPAN 5.25 IN",WING-BODY CONFIGURATION,radian,24000.0,15964.19,13.665,511.538,8027300.0,20.831,5.15,5.15,67.53,0.0,,0.414,,,,,11.86,,,,-0.5478
1.3,2.0,1,"ATLAS-NOTABS, FIN SPAN 5.25 IN",WING-BODY CONFIGURATION,radian,24000.0,17294.54,13.665,511.538,8696300.0,20.831,5.15,5.15,67.53,0.0,,0.436,,,,,12.49,,,,-0.7099
1.4,2.0,1,"ATLAS-NOTABS, FIN SPAN 5.25 IN",WING-BODY CONFIGURATION,radian,24000.0,18624.89,13.665,511.538,9365200.0,20.831,5.15,5.15,67.53,0.0,0.427,0.419,-1.103,0.433,0.413,-2.544,13.23,,,,-0.5724
1.5,2.0,1,"ATLAS-NOTABS, FIN SPAN 5.25 IN",WING-BODY CONFIGURATION,radian,24000.0,19955.24,13.665,511.538,10034000.0,20.831,5.15,5.15,67.53,0.0,0.414,0.391,-0.8608,0.405,0.4,-2.126,12.41,,,,-0.4282
0.1,3.0,1,"ATLAS-NOTABS, FIN SPAN 5.25 IN",WING-BODY CONFIGURATION,radian,24000.0,1330.35,13.665,511.538,668950.0,20.831,5.15,5.15,67.53,0.0,0.405,0.606,-2.6015,0.626,0.373,-4.154,12.19,-54.66,,,-0.1627
0.2,3.0,1,"ATLAS-NOTABS, FIN SPAN 5.25 IN",WING-BODY CONFIGURATION,radian,24000.0,2660.7,13.665,511.538,1337900.0,20.831,5.15,5.15,67.53,0.0,0.36,0.607,-2.6084,0.625,0.328,-4.174,12.2,-54.77,,,-0.1628
0.3,3.0,1,"ATLAS-NOTABS, FIN SPAN 5.25 IN",WING-BODY CONFIGURATION,radian,24000.0,3991.05,13.665,511.538,2006800.0,20.831,5.15,5.15,67.53,0.0,0.338,0.608,-2.6196,0.625,0.306,-4.189,12.23,-54.94,,,-0.1631
0.4,3.0,1,"ATLAS-NOTABS, FIN SPAN 5.25 IN",WING-BODY CONFIGURATION,radian,24000.0,5321.4,13.665,511.538,2675800.0,20.831,5.15,5.15,67.53,0.0,0.325,0.611,-2.6364,0.627,0.293,-4.206,12.26,-55.19,,,-0.1636
0.5,3.0,1,"ATLAS-NOTABS, FIN SPAN 5.25 IN",WING-BODY CONFIGURATION,radian,24000.0,6651.75,13.665,511.538,3344700.0,20.831,5.15,5.15,67.53,0.0,0.313,0.614,-2.659,0.629,0.281,-4.226,12.31,-55.54,,,-0.1642
0.6,3.0,1,"ATLAS-NOTABS, FIN SPAN 5.25 IN",WING-BODY CONFIGURATION,radian,24000.0,7982.1,13.665,511.538,4013700.0,20.831,5.15,5.15,67.53,0.0,0.305,0.618,-2.692,0.633,0.272,-4.252,12.4,-56.15,,,-0.1652
0.7,3.0,1,"ATLAS-NOTABS, FIN SPAN 5.25 IN",WING-BODY CONFIGURATION,radian,24000.0,9312.45,13.665,511.538,4682600.0,20.831,5.15,5.15,67.53,0.0,,0.577,,,,,11.03,,,,-0.2967
0.8,3.0,1,"ATLAS-NOTABS, FIN SPAN 5.25 IN",WING-BODY CONFIGURATION,radian,24000.0,10642.8,13.665,511.538,5351600.0,20.831,5.15,5.15,67.53,0.0,,0.596,,,,,11.38,,,,-0.4063
0.9,3.0,1,"ATLAS-NOTABS, FIN SPAN 5.25 IN",WING-BODY CONFIGURATION,radian,24000.0,11973.14,13.665,511.538,6020500.0,20.831,5.15,5.15,67.53,0.0,,0.633,,,,,12.09,,,,-0.5819
1.0,3.0,1,"ATLAS-NOTABS, FIN SPAN 5.25 IN",WING-BODY CONFIGURATION,radian,24000.0,13303.49,13.665,511.538,6689500.0,20.831,5.15,5.15,67.53,0.0,,0.681,,,,,13.01,,,,-0.8463
1.1,3.0,1,"ATLAS-NOTABS, FIN SPAN 5.25 IN",WING-BODY CONFIGURATION,radian,24000.0,14633.84,13.665,511.538,7358400.0,20.831,5.15,5.15,67.53,0.0,,0.655,,,,,12.52,,,,-0.8592
1.2,3.0,1,"ATLAS-NOTABS, FIN SPAN 5.25 IN",WING-BODY CONFIGURATION,radian,24000.0,15964.19,13.665,511.538,8027300.0,20.831,5.15,5.15,67.53,0.0,,0.621,,,,,11.86,,,,-0.8217
1.3,3.0,1,"ATLAS-NOTABS, FIN SPAN 5.25 IN",WING-BODY CONFIGURATION,radian,24000.0,17294.54,13.665,511.538,8696300.0,20.831,5.15,5.15,67.53,0.0,,0.654,,,,,12.49,,,,-1.065
1.4,3.0,1,"ATLAS-NOTABS, FIN SPAN 5.25 IN",WING-BODY CONFIGURATION,radian,24000.0,18624.89,13.665,511.538,9365200.0,20.831,5.15,5.15,67.53,0.0,0.442,0.66,-1.6428,0.682,0.407,-2.407,14.41,,,,-0.8696
1.5,3.0,1,"ATLAS-NOTABS, FIN SPAN 5.25 IN",WING-BODY CONFIGURATION,radian,24000.0,19955.24,13.665,511.538,10034000.0,20.831,5.15,5.15,67.53,0.0,0.427,0.618,-1.2777,0.639,0.394,-1.999,13.59,,,,-0.651
0.1,4.0,1,"ATLAS-NOTABS, FIN SPAN 5.25 IN",WING-BODY CONFIGURATION,radian,24000.0,1330.35,13.665,511.538,668950.0,20.831,5.15,5.15,67.53,0.0,0.425,0.822,-3.5837,0.85,0.366,-4.218,12.57,-57.84,,,-0.2207
0.2,4.0,1,"ATLAS-NOTABS, FIN SPAN 5.25 IN",WING-BODY CONFIGURATION,radian,24000.0,2660.7,13.665,511.538,1337900.0,20.831,5.15,5.15,67.53,0.0,0.38,0.823,-3.5925,0.848,0.322,-4.237,12.58,-57.95,,,-0.2209
0.3,4.0,1,"ATLAS-NOTABS, FIN SPAN 5.25 IN",WING-BODY CONFIGURATION,radian,24000.0,3991.05,13.665,511.538,2006800.0,20.831,5.15,5.15,67.53,0.0,0.357,0.825,-3.6063,0.848,0.299,-4.252,12.6,-58.07,,,-0.2212
0.4,4.0,1,"ATLAS-NOTABS, FIN SPAN 5.25 IN",WING-BODY CONFIGURATION,radian,24000.0,5321.4,13.665,511.538,2675800.0,20.831,5.15,5.15,67.53,0.0,0.344,0.828,-3.6271,0.85,0.285,-4.267,12.63,-58.27,,,-0.2218
0.5,4.0,1,"ATLAS-NOTABS, FIN SPAN 5.25 IN",WING-BODY CONFIGURATION,radian,24000.0,6651.75,13.665,511.538,3344700.0,20.831,5.15,5.15,67.53,0.0,0.331,0.832,-3.6552,0.853,0.272,-4.285,12.67,-58.55,,,-0.2225
0.6,4.0,1,"ATLAS-NOTABS, FIN SPAN 5.25 IN",WING-BODY CONFIGURATION,radian,24000.0,7982.1,13.665,511.538,4013700.0,20.831,5.15,5.15,67.53,0.0,0.322,0.838,-3.6986,0.858,0.263,-4.31,12.76,-59.14,,,-0.2239
0.7,4.0,1,"ATLAS-NOTABS, FIN SPAN 5.25 IN",WING-BODY CONFIGURATION,radian,24000.0,9312.45,13.665,511.538,4682600.0,20.831,5.15,5.15,67.53,0.0,,0.77,,,,,11.03,,,,-0.3957
0.8,4.0,1,"ATLAS-NOTABS, FIN SPAN 5.25 IN",WING-BODY CONFIGURATION,radian,24000.0,10642.8,13.665,511.538,5351600.0,20.831,5.15,5.15,67.53,0.0,,0.795,,,,,11.38,,,,-0.5418
0.9,4.0,1,"ATLAS-NOTABS, FIN SPAN 5.25 IN",WING-BODY CONFIGURATION,radian,24000.0,11973.14,13.665,511.538,6020500.0,20.831,5.15,5.15,67.53,0.0,,0.844,,,,,12.09,,,,-0.7759
1.0,4.0,1,"ATLAS-NOTABS, FIN SPAN 5.25 IN",WING-BODY CONFIGURATION,radian,24000.0,13303.49,13.665,511.538,6689500.0,20.831,5.15,5.15,67.53,0.0,,0.909,,,,,13.01,,,,-1.128
1.1,4.0,1,"ATLAS-NOTABS, FIN SPAN 5.25 IN",WING-BODY CONFIGURATION,radian,24000.0,14633.84,13.665,511.538,7358400.0,20.831,5.15,5.15,67.53,0.0,,0.874,,,,,12.52,,,,-1.146
1.2,4.0,1,"ATLAS-NOTABS, FIN SPAN 5.25 IN",WING-BODY CONFIGURATION,radian,24000.0,15964.19,13.665,511.538,8027300.0,20.831,5.15,5.15,67.53,0.0,,0.828,,,,,11.86,,,,-1.096
1.3,4.0,1,"ATLAS-NOTABS, FIN SPAN 5.25 IN",WING-BODY CONFIGURATION,radian,24000.0,17294.54,13.665,511.538,8696300.0,20.831,5.15,5.15,67.53,0.0,,0.872,,,,,12.49,,,,-1.42
1.4,4.0,1,"ATLAS-NOTABS, FIN SPAN 5.25 IN",WING-BODY CONFIGURATION,radian,24000.0,18624.89,13.665,511.538,9365200.0,20.831,5.15,5.15,67.53,0.0,0.464,0.922,-2.172,0.952,0.398,-2.281,15.56,,,,-1.173
1.5,4.0,1,"ATLAS-NOTABS, FIN SPAN 5.25 IN",WING-BODY CONFIGURATION,radian,24000.0,19955.24,13.665,511.538,10034000.0,20.831,5.15,5.15,67.53,0.0,0.448,0.865,-1.6829,0.894,0.387,-1.882,14.73,,,,-0.8788
0.1,5.0,1,"ATLAS-NOTABS, FIN SPAN 5.25 IN",WING-BODY CONFIGURATION,radian,24000.0,1330.35,13.665,511.538,668950.0,20.831,5.15,5.15,67.53,0.0,0.452,1.045,-4.6206,1.08,0.359,-4.279,11.75,-52.17,,,-0.2804
0.2,5.0,1,"ATLAS-NOTABS, FIN SPAN 5.25 IN",WING-BODY CONFIGURATION,radian,24000.0,2660.7,13.665,511.538,1337900.0,20.831,5.15,5.15,67.53,0.0,0.407,1.046,-4.6311,1.078,0.314,-4.298,11.76,-52.23,,,-0.2807
0.3,5.0,1,"ATLAS-NOTABS, FIN SPAN 5.25 IN",WING-BODY CONFIGURATION,radian,24000.0,3991.05,13.665,511.538,2006800.0,20.831,5.15,5.15,67.53,0.0,0.383,1.048,-4.6466,1.078,0.291,-4.311,11.77,-52.27,,,-0.281
0.4,5.0,1,"ATLAS-NOTABS, FIN SPAN 5.25 IN",WING-BODY CONFIGURATION,radian,24000.0,5321.4,13.665,511.538,2675800.0,20.831,5.15,5.15,67.53,0.0,0.369,1.052,-4.6705,1.08,0.275,-4.325,11.79,-52.35,,,-0.2817
0.5,5.0,1,"ATLAS-NOTABS, FIN SPAN 5.25 IN",WING-BODY CONFIGURATION,radian,24000.0,6651.75,13.665,511.538,3344700.0,20.831,5.15,5.15,67.53,0.0,0.355,1.056,-4.703,1.083,0.262,-4.342,11.82,-52.5,,,-0.2825
0.6,5.0,1,"ATLAS-NOTABS, FIN SPAN 5.25 IN",WING-BODY CONFIGURATION,radian,24000.0,7982.1,13.665,511.538,4013700.0,20.831,5.15,5.15,67.53,0.0,0.346,1.063,-4.7564,1.09,0.252,-4.366,11.89,-52.96,,,-0.2842
0.7,5.0,1,"ATLAS-NOTABS, FIN SPAN 5.25 IN",WING-BODY CONFIGURATION,radian,24000.0,9312.45,13.665,511.538,4682600.0,20.831,5.15,5.15,67.53,0.0,,0.962,,,,,11.03,,,,-0.4946
0.8,5.0,1,"ATLAS-NOTABS, FIN SPAN 5.25 IN",WING-BODY CONFIGURATION,radian,24000.0,10642.8,13.665,511.538,5351600.0,20.831,5.15,5.15,67.53,0.0,,0.993,,,,,11.38,,,,-0.6772
0.9,5.0,1,"ATLAS-NOTABS, FIN SPAN 5.25 IN",WING-BODY CONFIGURATION,radian,24000.0,11973.14,13.665,511.538,6020500.0,20.831,5.15,5.15,67.53,0.0,,1.055,,,,,12.09,,,,-0.9698
1.0,5.0,1,"ATLAS-NOTABS, FIN SPAN 5.25 IN",WING-BODY CONFIGURATION,radian,24000.0,13303.49,13.665,511.538,6689500.0,20.831,5.15,5.15,67.53,0.0,,1.136,,,,,13.01,,,,-1.41
1.1,5.0,1,"ATLAS-NOTABS, FIN SPAN 5.25 IN",WING-BODY CONFIGURATION,radian,24000.0,14633.84,13.665,511.538,7358400.0,20.831,5.15,5.15,67.53,0.0,,1.092,,,,,12.52,,,,-1.432
1.2,5.0,1,"ATLAS-NOTABS, FIN SPAN 5.25 IN",WING-BODY CONFIGURATION,radian,24000.0,15964.19,13.665,511.538,8027300.0,20.831,5.15,5.15,67.53,0.0,,1.035,,,,,11.86,,,,-1.369
1.3,5.0,1,"ATLAS-NOTABS, FIN SPAN 5.25 IN",WING-BODY CONFIGURATION,radian,24000.0,17294.54,13.665,511.538,8696300.0,20.831,5.15,5.15,67.53,0.0,,1.09,,,,,12.49,,,,-1.775
1.4,5.0,1,"ATLAS-NOTABS, FIN SPAN 5.25 IN",WING-BODY CONFIGURATION,radian,24000.0,18624.89,13.665,511.538,9365200.0,20.831,5.15,5.15,67.53,0.0,0.495,1.203,-2.6885,1.242,0.388,-2.165,15.22,,,,-1.482
1.5,5.0,1,"ATLAS-NOTABS, FIN SPAN 5.25 IN",WING-BODY CONFIGURATION,radian,24000.0,19955.24,13.665,511.538,10034000.0,20.831,5.15,5.15,67.53,0.0,0.477,1.132,-2.0743,1.169,0.377,-1.774,14.52,,,,-1.111
0.1,6.0,1,"ATLAS-NOTABS, FIN SPAN 5.25 IN",WING-BODY CONFIGURATION,radian,24000.0,1330.35,13.665,511.538,668950.0,20.831,5.15,5.15,67.53,0.0,0.486,1.232,-5.4047,1.276,0.354,-4.235,11.69,-52.22,,,-0.3308
0.2,6.0,1,"ATLAS-NOTABS, FIN SPAN 5.25 IN",WING-BODY CONFIGURATION,radian,24000.0,2660.7,13.665,511.538,1337900.0,20.831,5.15,5.15,67.53,0.0,0.441,1.234,-5.4158,1.273,0.31,-4.254,11.7,-52.27,,,-0.331
0.3,6.0,1,"ATLAS-NOTABS, FIN SPAN 5.25 IN",WING-BODY CONFIGURATION,radian,24000.0,3991.05,13.665,511.538,2006800.0,20.831,5.15,5.15,67.53,0.0,0.417,1.236,-5.4308,1.273,0.285,-4.266,11.7,-52.23,,,-0.3314
0.4,6.0,1,"ATLAS-NOTABS, FIN SPAN 5.25 IN",WING-BODY CONFIGURATION,radian,24000.0,5321.4,13.665,511.538,2675800.0,20.831,5.15,5.15,67.53,0.0,0.4,1.24,-5.4545,1.275,0.268,-4.279,11.71,-52.22,,,-0.332
0.5,6.0,1,"ATLAS-NOTABS, FIN SPAN 5.25 IN",WING-BODY CONFIGURATION,radian,24000.0,6651.75,13.665,511.538,3344700.0,20.831,5.15,5.15,67.53,0.0,0.386,1.244,-5.4877,1.278,0.254,-4.294,11.73,-52.25,,,-0.3329
0.6,6.0,1,"ATLAS-NOTABS, FIN SPAN 5.25 IN",WING-BODY CONFIGURATION,radian,24000.0,7982.1,13.665,511.538,4013700.0,20.831,5.15,5.15,67.53,0.0,0.376,1.253,-5.5471,1.285,0.243,-4.316,11.8,-52.64,,,-0.3348
0.7,6.0,1,"ATLAS-NOTABS, FIN SPAN 5.25 IN",WING-BODY CONFIGURATION,radian,24000.0,9312.45,13.665,511.538,4682600.0,20.831,5.15,5.15,67.53,0.0,,1.155,,,,,11.03,,,,-0.5935
0.8,6.0,1,"ATLAS-NOTABS, FIN SPAN 5.25 IN",WING-BODY CONFIGURATION,radian,24000.0,10642.8,13.665,511.538,5351600.0,20.831,5.15,5.15,67.53,0.0,,1.192,,,,,11.38,,,,-0.8126
0.9,6.0,1,"ATLAS-NOTABS, FIN SPAN 5.25 IN",WING-BODY CONFIGURATION,radian,24000.0,11973.14,13.665,511.538,6020500.0,20.831,5.15,5.15,67.53,0.0,,1.266,,,,,12.09,,,,-1.164
1.0,6.0,1,"ATLAS-NOTABS, FIN SPAN 5.25 IN",WING-BODY CONFIGURATION,radian,24000.0,13303.49,13.665,511.538,6689500.0,20.831,5.15,5.15,67.53,0.0,,1.363,,,,,13.01,,,,-1.693
1.1,6.0,1,"ATLAS-NOTABS, FIN SPAN 5.25 IN",WING-BODY CONFIGURATION,radian,24000.0,14633.84,13.665,511.538,7358400.0,20.831,5.15,5.15,67.53,0.0,,1.311,,,,,12.52,,,,-1.718
1.2,6.0,1,"ATLAS-NOTABS, FIN SPAN 5.25 IN",WING-BODY CONFIGURATION,radian,24000.0,15964.19,13.665,511.538,8027300.0,20.831,5.15,5.15,67.53,0.0,,1.242,,,,,11.86,,,,-1.643
1.3,6.0,1,"ATLAS-NOTABS, FIN SPAN 5.25 IN",WING-BODY CONFIGURATION,radian,24000.0,17294.54,13.665,511.538,8696300.0,20.831,5.15,5.15,67.53,0.0,,1.308,,,,,12.49,,,,-2.13
1.4,6.0,1,"ATLAS-NOTABS, FIN SPAN 5.25 IN",WING-BODY CONFIGURATION,radian,24000.0,18624.89,13.665,511.538,9365200.0,20.831,5.15,5.15,67.53,0.0,0.535,1.453,-3.1837,1.501,0.38,-2.121,15.78,,,,-1.796
1.5,6.0,1,"ATLAS-NOTABS, FIN SPAN 5.25 IN",WING-BODY CONFIGURATION,radian,24000.0,19955.24,13.665,511.538,10034000.0,20.831,5.15,5.15,67.53,0.0,0.516,1.372,-2.4441,1.418,0.37,-1.723,15.13,,,,-1.347
0.1,7.0,1,"ATLAS-NOTABS, FIN SPAN 5.25 IN",WING-BODY CONFIGURATION,radian,24000.0,1330.35,13.665,511.538,668950.0,20.831,5.15,5.15,67.53,0.0,0.528,1.453,-6.4435,1.506,0.347,-4.279,12.58,-59.48,,,-0.3899
0.2,7.0,1,"ATLAS-NOTABS, FIN SPAN 5.25 IN",WING-BODY CONFIGURATION,radian,24000.0,2660.7,13.665,511.538,1337900.0,20.831,5.15,5.15,67.53,0.0,0.483,1.454,-6.4556,1.502,0.302,-4.297,12.59,-59.53,,,-0.3902
0.3,7.0,1,"ATLAS-NOTABS, FIN SPAN 5.25 IN",WING-BODY CONFIGURATION,radian,24000.0,3991.05,13.665,511.538,2006800.0,20.831,5.15,5.15,67.53,0.0,0.457,1.457,-6.4699,1.502,0.276,-4.308,12.59,-59.45,,,-0.3906
0.4,7.0,1,"ATLAS-NOTABS, FIN SPAN 5.25 IN",WING-BODY CONFIGURATION,radian,24000.0,5321.4,13.665,511.538,2675800.0,20.831,5.15,5.15,67.53,0.0,0.439,1.461,-6.4933,1.503,0.258,-4.32,12.6,-59.39,,,-0.3912
0.5,7.0,1,"ATLAS-NOTABS, FIN SPAN 5.25 IN",WING-BODY CONFIGURATION,radian,24000.0,6651.75,13.665,511.538,3344700.0,20.831,5.15,5.15,67.53,0.0,0.424,1.466,-6.5268,1.506,0.242,-4.333,12.62,-59.36,,,-0.3921
0.6,7.0,1,"ATLAS-NOTABS, FIN SPAN 5.25 IN",WING-BODY CONFIGURATION,radian,24000.0,7982.1,13.665,511.538,4013700.0,20.831,5.15,5.15,67.53,0.0,0.412,1.475,-6.5937,1.515,0.23,-4.353,12.69,-59.75,,,-0.3943
0.7,7.0,1,"ATLAS-NOTABS, FIN SPAN 5.25 IN",WING-BODY CONFIGURATION,radian,24000.0,9312.45,13.665,511.538,4682600.0,20.831,5.15,5.15,67.53,0.0,,1.347,,,,,11.03,,,,-0.6924
0.8,7.0,1,"ATLAS-NOTABS, FIN SPAN 5.25 IN",WING-BODY CONFIGURATION,radian,24000.0,10642.8,13.665,511.538,5351600.0,20.831,5.15,5.15,67.53,0.0,,1.391,,,,,11.38,,,,-0.9481
0.9,7.0,1,"ATLAS-NOTABS, FIN SPAN 5.25 IN",WING-BODY CONFIGURATION,radian,24000.0,11973.14,13.665,511.538,6020500.0,20.831,5.15,5.15,67.53,0.0,,1.476,,,,,12.09,,,,-1.358
1.0,7.0,1,"ATLAS-NOTABS, FIN SPAN 5.25 IN",WING-BODY CONFIGURATION,radian,24000.0,13303.49,13.665,511.538,6689500.0,20.831,5.15,5.15,67.53,0.0,,1.59,,,,,13.01,,,,-1.975
1.1,7.0,1,"ATLAS-NOTABS, FIN SPAN 5.25 IN",WING-BODY CONFIGURATION,radian,24000.0,14633.84,13.665,511.538,7358400.0,20.831,5.15,5.15,67.53,0.0,,1.529,,,,,12.52,,,,-2.005
1.2,7.0,1,"ATLAS-NOTABS, FIN SPAN 5.25 IN",WING-BODY CONFIGURATION,radian,24000.0,15964.19,13.665,511.538,8027300.0,20.831,5.15,5.15,67.53,0.0,,1.449,,,,,11.86,,,,-1.917
1.3,7.0,1,"ATLAS-NOTABS, FIN SPAN 5.25 IN",WING-BODY CONFIGURATION,radian,24000.0,17294.54,13.665,511.538,8696300.0,20.831,5.15,5.15,67.53,0.0,,1.526,,,,,12.49,,,,-2.485
1.4,7.0,1,"ATLAS-NOTABS, FIN SPAN 5.25 IN",WING-BODY CONFIGURATION,radian,24000.0,18624.89,13.665,511.538,9365200.0,20.831,5.15,5.15,67.53,0.0,0.586,1.754,-3.6668,1.812,0.368,-2.023,17.49,,,,-2.114
1.5,7.0,1,"ATLAS-NOTABS, FIN SPAN 5.25 IN",WING-BODY CONFIGURATION,radian,24000.0,19955.24,13.665,511.538,10034000.0,20.831,5.15,5.15,67.53,0.0,0.565,1.66,-2.8003,1.716,0.358,-1.632,16.77,,,,-1.586
0.1,8.0,1,"ATLAS-NOTABS, FIN SPAN 5.25 IN",WING-BODY CONFIGURATION,radian,24000.0,1330.35,13.665,511.538,668950.0,20.831,5.15,5.15,67.53,0.0,0.577,1.671,-7.4811,1.735,0.339,-4.311,12.57,-60.05,,,-0.4486
0.2,8.0,1,"ATLAS-NOTABS, FIN SPAN 5.25 IN",WING-BODY CONFIGURATION,radian,24000.0,2660.7,13.665,511.538,1337900.0,20.831,5.15,5.15,67.53,0.0,0.533,1.673,-7.4937,1.731,0.295,-4.329,12.57,-60.07,,,-0.4489
0.3,8.0,1,"ATLAS-NOTABS, FIN SPAN 5.25 IN",WING-BODY CONFIGURATION,radian,24000.0,3991.05,13.665,511.538,2006800.0,20.831,5.15,5.15,67.53,0.0,0.506,1.676,-7.506,1.73,0.267,-4.339,12.57,-59.92,,,-0.4493
0.4,8.0,1,"ATLAS-NOTABS, FIN SPAN 5.25 IN",WING-BODY CONFIGURATION,radian,24000.0,5321.4,13.665,511.538,2675800.0,20.831,5.15,5.15,67.53,0.0,0.485,1.68,-7.5276,1.731,0.247,-4.349,12.58,-59.77,,,-0.4499
0.5,8.0,1,"ATLAS-NOTABS, FIN SPAN 5.25 IN",WING-BODY CONFIGURATION,radian,24000.0,6651.75,13.665,511.538,3344700.0,20.831,5.15,5.15,67.53,0.0,0.468,1.685,-7.5599,1.734,0.229,-4.36,12.58,-59.64,,,-0.4508
0.6,8.0,1,"ATLAS-NOTABS, FIN SPAN 5.25 IN",WING-BODY CONFIGURATION,radian,24000.0,7982.1,13.665,511.538,4013700.0,20.831,5.15,5.15,67.53,0.0,0.456,1.696,-7.6329,1.743,0.216,-4.38,12.65,-59.91,,,-0.4533
0.7,8.0,1,"ATLAS-NOTABS, FIN SPAN 5.25 IN",WING-BODY CONFIGURATION,radian,24000.0,9312.45,13.665,511.538,4682600.0,20.831,5.15,5.15,67.53,0.0,,1.54,,,,,11.03,,,,-0.7913
0.8,8.0,1,"ATLAS-NOTABS, FIN SPAN 5.25 IN",WING-BODY CONFIGURATION,radian,24000.0,10642.8,13.665,511.538,5351600.0,20.831,5.15,5.15,67.53,0.0,,1.589,,,,,11.38,,,,-1.084
0.9,8.0,1,"ATLAS-NOTABS, FIN SPAN 5.25 IN",WING-BODY CONFIGURATION,radian,24000.0,11973.14,13.665,511.538,6020500.0,20.831,5.15,5.15,67.53,0.0,,1.687,,,,,12.09,,,,-1.552
1.0,8.0,1,"ATLAS-NOTABS, FIN SPAN 5.25 IN",WING-BODY CONFIGURATION,radian,24000.0,13303.49,13.665,511.538,6689500.0,20.831,5.15,5.15,67.53,0.0,,1.817,,,,,13.01,,,,-2.257
1.1,8.0,1,"ATLAS-NOTABS, FIN SPAN 5.25 IN",WING-BODY CONFIGURATION,radian,24000.0,14633.84,13.665,511.538,7358400.0,20.831,5.15,5.15,67.53,0.0,,1.748,,,,,12.52,,,,-2.291
1.2,8.0,1,"ATLAS-NOTABS, FIN SPAN 5.25 IN",WING-BODY CONFIGURATION,radian,24000.0,15964.19,13.665,511.538,8027300.0,20.831,5.15,5.15,67.53,0.0,,1.656,,,,,11.86,,,,-2.191
1.3,8.0,1,"ATLAS-NOTABS, FIN SPAN 5.25 IN",WING-BODY CONFIGURATION,radian,24000.0,17294.54,13.665,511.538,8696300.0,20.831,5.15,5.15,67.53,0.0,,1.744,,,,,12.49,,,,-2.839
1.4,8.0,1,"ATLAS-NOTABS, FIN SPAN 5.25 IN",WING-BODY CONFIGURATION,radian,24000.0,18624.89,13.665,511.538,9365200.0,20.831,5.15,5.15,67.53,0.0,0.649,2.064,-4.1304,2.134,0.356,-1.936,18.07,,,,-2.436
1.5,8.0,1,"ATLAS-NOTABS, FIN SPAN 5.25 IN",WING-BODY CONFIGURATION,radian,24000.0,19955.24,13.665,511.538,10034000.0,20.831,5.15,5.15,67.53,0.0,0.625,1.957,-3.1363,2.025,0.347,-1.549,17.38,,,,-1.828
0.1,9.0,1,"ATLAS-NOTABS, FIN SPAN 5.25 IN",WING-BODY CONFIGURATION,radian,24000.0,1330.35,13.665,511.538,668950.0,20.831,5.15,5.15,67.53,0.0,0.636,1.891,-8.5395,1.967,0.332,-4.341,12.68,-61.71,,,-0.5077
0.2,9.0,1,"ATLAS-NOTABS, FIN SPAN 5.25 IN",WING-BODY CONFIGURATION,radian,24000.0,2660.7,13.665,511.538,1337900.0,20.831,5.15,5.15,67.53,0.0,0.591,1.893,-8.5524,1.962,0.288,-4.358,12.68,-61.71,,,-0.5079
0.3,9.0,1,"ATLAS-NOTABS, FIN SPAN 5.25 IN",WING-BODY CONFIGURATION,radian,24000.0,3991.05,13.665,511.538,2006800.0,20.831,5.15,5.15,67.53,0.0,0.562,1.896,-8.5616,1.96,0.259,-4.368,12.68,-61.49,,,-0.5082
0.4,9.0,1,"ATLAS-NOTABS, FIN SPAN 5.25 IN",WING-BODY CONFIGURATION,radian,24000.0,5321.4,13.665,511.538,2675800.0,20.831,5.15,5.15,67.53,0.0,0.539,1.9,-8.5795,1.96,0.235,-4.376,12.68,-61.21,,,-0.5088
0.5,9.0,1,"ATLAS-NOTABS, FIN SPAN 5.25 IN",WING-BODY CONFIGURATION,radian,24000.0,6651.75,13.665,511.538,3344700.0,20.831,5.15,5.15,67.53,0.0,0.52,1.905,-8.6086,1.963,0.216,-4.386,12.68,-60.9,,,-0.5096
0.6,9.0,1,"ATLAS-NOTABS, FIN SPAN 5.25 IN",WING-BODY CONFIGURATION,radian,24000.0,7982.1,13.665,511.538,4013700.0,20.831,5.15,5.15,67.53,0.0,0.507,1.917,-8.6848,1.973,0.201,-4.402,12.75,-61.05,,,-0.5124
0.7,9.0,1,"ATLAS-NOTABS, FIN SPAN 5.25 IN",WING-BODY CONFIGURATION,radian,24000.0,9312.45,13.665,511.538,4682600.0,20.831,5.15,5.15,67.53,0.0,,1.732,,,,,11.03,,,,-0.8902
0.8,9.0,1,"ATLAS-NOTABS, FIN SPAN 5.25 IN",WING-BODY CONFIGURATION,radian,24000.0,10642.8,13.665,511.538,5351600.0,20.831,5.15,5.15,67.53,0.0,,1.788,,,,,11.38,,,,-1.219
0.9,9.0,1,"ATLAS-NOTABS, FIN SPAN 5.25 IN",WING-BODY CONFIGURATION,radian,24000.0,11973.14,13.665,511.538,6020500.0,20.831,5.15,5.15,67.53,0.0,,1.898,,,,,12.09,,,,-1.746
1.0,9.0,1,"ATLAS-NOTABS, FIN SPAN 5.25 IN",WING-BODY CONFIGURATION,radian,24000.0,13303.49,13.665,511.538,6689500.0,20.831,5.15,5.15,67.53,0.0,,2.044,,,,,13.01,,,,-2.539
1.1,9.0,1,"ATLAS-NOTABS, FIN SPAN 5.25 IN",WING-BODY CONFIGURATION,radian,24000.0,14633.84,13.665,511.538,7358400.0,20.831,5.15,5.15,67.53,0.0,,1.966,,,,,12.52,,,,-2.577
1.2,9.0,1,"ATLAS-NOTABS, FIN SPAN 5.25 IN",WING-BODY CONFIGURATION,radian,24000.0,15964.19,13.665,511.538,8027300.0,20.831,5.15,5.15,67.53,0.0,,1.863,,,,,11.86,,,,-2.465
1.3,9.0,1,"ATLAS-NOTABS, FIN SPAN 5.25 IN",WING-BODY CONFIGURATION,radian,24000.0,17294.54,13.665,511.538,8696300.0,20.831,5.15,5.15,67.53,0.0,,1.962,,,,,12.49,,,,-3.194
1.4,9.0,1,"ATLAS-NOTABS, FIN SPAN 5.25 IN",WING-BODY CONFIGURATION,radian,24000.0,18624.89,13.665,511.538,9365200.0,20.831,5.15,5.15,67.53,0.0,0.724,2.385,-4.5732,2.469,0.342,-1.852,18.78,,,,-2.76
1.5,9.0,1,"ATLAS-NOTABS, FIN SPAN 5.25 IN",WING-BODY CONFIGURATION,radian,24000.0,19955.24,13.665,511.538,10034000.0,20.831,5.15,5.15,67.53,0.0,0.697,2.266,-3.4506,2.348,0.334,-1.47,18.17,,,,-2.072
0.1,10.0,1,"ATLAS-NOTABS, FIN SPAN 5.25 IN",WING-BODY CONFIGURATION,radian,24000.0,1330.35,13.665,511.538,668950.0,20.831,5.15,5.15,67.53,0.0,0.703,2.114,-9.635,2.204,0.325,-4.372,12.85,-63.83,,,-0.5675
0.2,10.0,1,"ATLAS-NOTABS, FIN SPAN 5.25 IN",WING-BODY CONFIGURATION,radian,24000.0,2660.7,13.665,511.538,1337900.0,20.831,5.15,5.15,67.53,0.0,0.658,2.116,-9.6479,2.198,0.281,-4.389,12.85,-63.82,,,-0.5677
0.3,10.0,1,"ATLAS-NOTABS, FIN SPAN 5.25 IN",WING-BODY CONFIGURATION,radian,24000.0,3991.05,13.665,511.538,2006800.0,20.831,5.15,5.15,67.53,0.0,0.627,2.118,-9.6525,2.195,0.25,-4.397,12.84,-63.53,,,-0.5679
0.4,10.0,1,"ATLAS-NOTABS, FIN SPAN 5.25 IN",WING-BODY CONFIGURATION,radian,24000.0,5321.4,13.665,511.538,2675800.0,20.831,5.15,5.15,67.53,0.0,0.601,2.122,-9.6643,2.194,0.223,-4.404,12.84,-63.09,,,-0.5684
0.5,10.0,1,"ATLAS-NOTABS, FIN SPAN 5.25 IN",WING-BODY CONFIGURATION,radian,24000.0,6651.75,13.665,511.538,3344700.0,20.831,5.15,5.15,67.53,0.0,0.58,2.128,-9.6858,2.196,0.201,-4.411,12.83,-62.54,,,-0.5692
0.6,10.0,1,"ATLAS-NOTABS, FIN SPAN 5.25 IN",WING-BODY CONFIGURATION,radian,24000.0,7982.1,13.665,511.538,4013700.0,20.831,5.15,5.15,67.53,0.0,0.565,2.141,-9.764,2.206,0.184,-4.425,12.9,-62.62,,,-0.5722
0.7,10.0,1,"ATLAS-NOTABS, FIN SPAN 5.25 IN",WING-BODY CONFIGURATION,radian,24000.0,9312.45,13.665,511.538,4682600.0,20.831,5.15,5.15,67.53,0.0,,1.925,,,,,11.03,,,,-0.9891
0.8,10.0,1,"ATLAS-NOTABS, FIN SPAN 5.25 IN",WING-BODY CONFIGURATION,radian,24000.0,10642.8,13.665,511.538,5351600.0,20.831,5.15,5.15,67.53,0.0,,1.987,,,,,11.38,,,,-1.354
0.9,10.0,1,"ATLAS-NOTABS, FIN SPAN 5.25 IN",WING-BODY CONFIGURATION,radian,24000.0,11973.14,13.665,511.538,6020500.0,20.831,5.15,5.15,67.53,0.0,,2.109,,,,,12.09,,,,-1.94
1.0,10.0,1,"ATLAS-NOTABS, FIN SPAN 5.25 IN",WING-BODY CONFIGURATION,radian,24000.0,13303.49,13.665,511.538,6689500.0,20.831,5.15,5.15,67.53,0.0,,2.271,,,,,13.01,,,,-2.821
1.1,10.0,1,"ATLAS-NOTABS, FIN SPAN 5.25 IN",WING-BODY CONFIGURATION,radian,24000.0,14633.84,13.665,511.538,7358400.0,20.831,5.15,5.15,67.53,0.0,,2.185,,,,,12.52,,,,-2.864
1.2,10.0,1,"ATLAS-NOTABS, FIN SPAN 5.25 IN",WING-BODY CONFIGURATION,radian,24000.0,15964.19,13.665,511.538,8027300.0,20.831,5.15,5.15,67.53,0.0,,2.07,,,,,11.86,,,,-2.739
1.3,10.0,1,"ATLAS-NOTABS, FIN SPAN 5.25 IN",WING-BODY CONFIGURATION,radian,24000.0,17294.54,13.665,511.538,8696300.0,20.831,5.15,5.15,67.53,0.0,,2.18,,,,,12.49,,,,-3.549
1.4,10.0,1,"ATLAS-NOTABS, FIN SPAN 5.25 IN",WING-BODY CONFIGURATION,radian,24000.0,18624.89,13.665,511.538,9365200.0,20.831,5.15,5.15,67.53,0.0,0.812,2.719,-4.9935,2.819,0.327,-1.771,19.55,,,,-3.086
1.5,10.0,1,"ATLAS-NOTABS, FIN SPAN 5.25 IN",WING-BODY CONFIGURATION,radian,24000.0,19955.24,13.665,511.538,10034000.0,20.831,5.15,5.15,67.53,0.0,0.782,2.591,-3.737,2.688,0.32,-1.39,19.08,,,,-2.317
