case,case_id,configuration,derivatives_per,mach,altitude,velocity,pressure,temperature,reynolds,sref,cbar,blref,xcg,zcg,ALPHA,CD,CL,CM,CN,CA,XCP,CLA,CMA,CYB,CNB,CLB
1,"ATLAS-NOTABS, FIN SPAN 5.25 IN",WING-BODY CONFIGURATION,radian,0.1,24000.0,1330.35,13.665,511.538,668950.0,20.831,5.15,5.15,67.53,0.0,0.0,0.381,-0.0,0.0,-0.0,0.381,-2.198,10.93,-44.6,-1.951,-35.06,3.757e-32
1,"ATLAS-NOTABS, FIN SPAN 5.25 IN",WING-BODY CONFIGURATION,radian,0.1,24000.0,1330.35,13.665,511.538,668950.0,20.831,5.15,5.15,67.53,0.0,1.0,0.383,0.195,-0.8081,0.201,0.38,-4.017,11.36,-48.01,,,-0.05222
1,"ATLAS-NOTABS, FIN SPAN 5.25 IN",WING-BODY CONFIGURATION,radian,0.1,24000.0,1330.35,13.665,511.538,668950.0,20.831,5.15,5.15,67.53,0.0,2.0,0.391,0.397,-1.6757,0.41,0.377,-4.087,11.79,-51.38,,,-0.1065
1,"ATLAS-NOTABS, FIN SPAN 5.25 IN",WING-BODY CONFIGURATION,radian,0.1,24000.0,1330.35,13.665,511.538,668950.0,20.831,5.15,5.15,67.53,0.0,3.0,0.405,0.606,-2.6015,0.626,0.373,-4.154,12.19,-54.66,,,-0.1627
1,"ATLAS-NOTABS, FIN SPAN 5.25 IN",WING-BODY CONFIGURATION,radian,0.1,24000.0,1330.35,13.665,511.538,668950.0,20.831,5.15,5.15,67.53,0.0,4.0,0.425,0.822,-3.5837,0.85,0.366,-4.218,12.57,-57.84,,,-0.2207
1,"ATLAS-NOTABS, FIN SPAN 5.25 IN",WING-BODY CONFIGURATION,radian,0.1,24000.0,1330.35,13.665,511.538,668950.0,20.831,5.15,5.15,67.53,0.0,5.0,0.452,1.045,-4.6206,1.08,0.359,-4.279,11.75,-52.17,,,-0.2804
1,"ATLAS-NOTABS, FIN SPAN 5.25 IN",WING-BODY CONFIGURATION,radian,0.1,24000.0,1330.35,13.665,511.538,668950.0,20.831,5.15,5.15,67.53,0.0,6.0,0.486,1.232,-5.4047,1.276,0.354,-4.235,11.69,-52.22,,,-0.3308
1,"ATLAS-NOTABS, FIN SPAN 5.25 IN",WING-BODY CONFIGURATION,radian,0.1,24000.0,1330.35,13.665,511.538,668950.0,20.831,5.15,5.15,67.53,0.0,7.0,0.528,1.453,-6.4435,1.506,0.347,-4.279,12.58,-59.48,,,-0.3899
1,"ATLAS-NOTABS, FIN SPAN 5.25 IN",WING-BODY CONFIGURATION,radian,0.1,24000.0,1330.35,13.665,511.538,668950.0,20.831,5.15,5.15,67.53,0.0,8.0,0.577,1.671,-7.4811,1.735,0.339,-4.311,12.57,-60.05,,,-0.4486
1,"ATLAS-NOTABS, FIN SPAN 5.25 IN",WING-BODY CONFIGURATION,radian,0.1,24000.0,1330.35,13.665,511.538,668950.0,20.831,5.15,5.15,67.53,0.0,9.0,0.636,1.891,-8.5395,1.967,0.332,-4.341,12.68,-61.71,,,-0.5077
1,"ATLAS-NOTABS, FIN SPAN 5.25 IN",WING-BODY CONFIGURATION,radian,0.1,24000.0,1330.35,13.665,511.538,668950.0,20.831,5.15,5.15,67.53,0.0,10.0,0.703,2.114,-9.635,2.204,0.325,-4.372,12.85,-63.83,,,-0.5675
1,"ATLAS-NOTABS, FIN SPAN 5.25 IN",WING-BODY CONFIGURATION,radian,0.358,24000.0,4761.25,13.665,511.538,2394100.0,20.831,5.15,5.15,67.53,0.0,0.0,0.307,-0.0,0.0,-0.0,0.307,-2.198,11.01,-45.21,-1.951,-41.8,3.766e-32
1,"ATLAS-NOTABS, FIN SPAN 5.25 IN",WING-BODY CONFIGURATION,radian,0.358,24000.0,4761.25,13.665,511.538,2394100.0,20.831,5.15,5.15,67.53,0.0,1.0,0.309,0.196,-0.8183,0.201,0.306,-4.066,11.44,-48.56,,,-0.05249
1,"ATLAS-NOTABS, FIN SPAN 5.25 IN",WING-BODY CONFIGURATION,radian,0.358,24000.0,4761.25,13.665,511.538,2394100.0,20.831,5.15,5.15,67.53,0.0,2.0,0.317,0.399,-1.695,0.41,0.303,-4.134,11.85,-51.86,,,-0.107
1,"ATLAS-NOTABS, FIN SPAN 5.25 IN",WING-BODY CONFIGURATION,radian,0.358,24000.0,4761.25,13.665,511.538,2394100.0,20.831,5.15,5.15,67.53,0.0,3.0,0.33,0.61,-2.6287,0.626,0.297,-4.199,12.25,-55.07,,,-0.1634
1,"ATLAS-NOTABS, FIN SPAN 5.25 IN",WING-BODY CONFIGURATION,radian,0.358,24000.0,4761.25,13.665,511.538,2394100.0,20.831,5.15,5.15,67.53,0.0,4.0,0.349,0.827,-3.6174,0.849,0.29,-4.261,12.62,-58.17,,,-0.2215
1,"ATLAS-NOTABS, FIN SPAN 5.25 IN",WING-BODY CONFIGURATION,radian,0.358,24000.0,4761.25,13.665,511.538,2394100.0,20.831,5.15,5.15,67.53,0.0,5.0,0.374,1.05,-4.6593,1.079,0.281,-4.319,11.78,-52.31,,,-0.2814
1,"ATLAS-NOTABS, FIN SPAN 5.25 IN",WING-BODY CONFIGURATION,radian,0.358,24000.0,4761.25,13.665,511.538,2394100.0,20.831,5.15,5.15,67.53,0.0,6.0,0.406,1.238,-5.4433,1.274,0.275,-4.274,11.71,-52.22,,,-0.3317
1,"ATLAS-NOTABS, FIN SPAN 5.25 IN",WING-BODY CONFIGURATION,radian,0.358,24000.0,4761.25,13.665,511.538,2394100.0,20.831,5.15,5.15,67.53,0.0,7.0,0.446,1.459,-6.482,1.502,0.265,-4.315,12.6,-59.41,,,-0.3909
1,"ATLAS-NOTABS, FIN SPAN 5.25 IN",WING-BODY CONFIGURATION,radian,0.358,24000.0,4761.25,13.665,511.538,2394100.0,20.831,5.15,5.15,67.53,0.0,8.0,0.493,1.678,-7.517,1.73,0.255,-4.345,12.57,-59.82,,,-0.4496
1,"ATLAS-NOTABS, FIN SPAN 5.25 IN",WING-BODY CONFIGURATION,radian,0.358,24000.0,4761.25,13.665,511.538,2394100.0,20.831,5.15,5.15,67.53,0.0,9.0,0.548,1.898,-8.5703,1.96,0.244,-4.373,12.68,-61.33,,,-0.5085
1,"ATLAS-NOTABS, FIN SPAN 5.25 IN",WING-BODY CONFIGURATION,radian,0.358,24000.0,4761.25,13.665,511.538,2394100.0,20.831,5.15,5.15,67.53,0.0,10.0,0.611,2.12,-9.6578,2.194,0.233,-4.401,12.84,-63.29,,,-0.5682
1,"ATLAS-NOTABS, FIN SPAN 5.25 IN",WING-BODY CONFIGURATION,radian,0.616,24000.0,8192.15,13.665,511.538,4119300.0,20.831,5.15,5.15,67.53,0.0,0.0,0.277,0.0,,0.0,0.277,-4.025,10.79,-43.44,-1.964,-44.67,-4.533e-32
1,"ATLAS-NOTABS, FIN SPAN 5.25 IN",WING-BODY CONFIGURATION,radian,0.616,24000.0,8192.15,13.665,511.538,4119300.0,20.831,5.15,5.15,67.53,0.0,1.0,,0.188,,,,,10.79,,,,-0.07345
1,"ATLAS-NOTABS, FIN SPAN 5.25 IN",WING-BODY CONFIGURATION,radian,0.616,24000.0,8192.15,13.665,511.538,4119300.0,20.831,5.15,5.15,67.53,0.0,2.0,,0.377,,,,,10.79,,,,-0.1469
1,"ATLAS-NOTABS, FIN SPAN 5.25 IN",WING-BODY CONFIGURATION,radian,0.616,24000.0,8192.15,13.665,511.538,4119300.0,20.831,5.15,5.15,67.53,0.0,3.0,,0.565,,,,,10.79,,,,-0.2203
1,"ATLAS-NOTABS, FIN SPAN 5.25 IN",WING-BODY CONFIGURATION,radian,0.616,24000.0,8192.15,13.665,511.538,4119300.0,20.831,5.15,5.15,67.53,0.0,4.0,,0.753,,,,,10.79,,,,-0.2938
1,"ATLAS-NOTABS, FIN SPAN 5.25 IN",WING-BODY CONFIGURATION,radian,0.616,24000.0,8192.15,13.665,511.538,4119300.0,20.831,5.15,5.15,67.53,0.0,5.0,,0.942,,,,,10.79,,,,-0.3672
1,"ATLAS-NOTABS, FIN SPAN 5.25 IN",WING-BODY CONFIGURATION,radian,0.616,24000.0,8192.15,13.665,511.538,4119300.0,20.831,5.15,5.15,67.53,0.0,6.0,,1.13,,,,,10.79,,,,-0.4407
1,"ATLAS-NOTABS, FIN SPAN 5.25 IN",WING-BODY CONFIGURATION,radian,0.616,24000.0,8192.15,13.665,511.538,4119300.0,20.831,5.15,5.15,67.53,0.0,7.0,,1.318,,,,,10.79,,,,-0.5141
1,"ATLAS-NOTABS, FIN SPAN 5.25 IN",WING-BODY CONFIGURATION,radian,0.616,24000.0,8192.15,13.665,511.538,4119300.0,20.831,5.15,5.15,67.53,0.0,8.0,,1.507,,,,,10.79,,,,-0.5876
1,"ATLAS-NOTABS, FIN SPAN 5.25 IN",WING-BODY CONFIGURATION,radian,0.616,24000.0,8192.15,13.665,511.538,4119300.0,20.831,5.15,5.15,67.53,0.0,9.0,,1.695,,,,,10.79,,,,-0.661
1,"ATLAS-NOTABS, FIN SPAN 5.25 IN",WING-BODY CONFIGURATION,radian,0.616,24000.0,8192.15,13.665,511.538,4119300.0,20.831,5.15,5.15,67.53,0.0,10.0,,1.883,,,,,10.79,,,,-0.7345
1,"ATLAS-NOTABS, FIN SPAN 5.25 IN",WING-BODY CONFIGURATION,radian,0.874,24000.0,11623.05,13.665,511.538,5844500.0,20.831,5.15,5.15,67.53,0.0,0.0,0.276,0.0,,0.0,0.276,-3.918,11.86,-46.46,-2.172,-46.52,-1.056e-31
1,"ATLAS-NOTABS, FIN SPAN 5.25 IN",WING-BODY CONFIGURATION,radian,0.874,24000.0,11623.05,13.665,511.538,5844500.0,20.831,5.15,5.15,67.53,0.0,1.0,,0.207,,,,,11.86,,,,-0.1753
1,"ATLAS-NOTABS, FIN SPAN 5.25 IN",WING-BODY CONFIGURATION,radian,0.874,24000.0,11623.05,13.665,511.538,5844500.0,20.831,5.15,5.15,67.53,0.0,2.0,,0.414,,,,,11.86,,,,-0.3506
1,"ATLAS-NOTABS, FIN SPAN 5.25 IN",WING-BODY CONFIGURATION,radian,0.874,24000.0,11623.05,13.665,511.538,5844500.0,20.831,5.15,5.15,67.53,0.0,3.0,,0.621,,,,,11.86,,,,-0.5259
1,"ATLAS-NOTABS, FIN SPAN 5.25 IN",WING-BODY CONFIGURATION,radian,0.874,24000.0,11623.05,13.665,511.538,5844500.0,20.831,5.15,5.15,67.53,0.0,4.0,,0.828,,,,,11.86,,,,-0.7012
1,"ATLAS-NOTABS, FIN SPAN 5.25 IN",WING-BODY CONFIGURATION,radian,0.874,24000.0,11623.05,13.665,511.538,5844500.0,20.831,5.15,5.15,67.53,0.0,5.0,,1.035,,,,,11.86,,,,-0.8765
1,"ATLAS-NOTABS, FIN SPAN 5.25 IN",WING-BODY CONFIGURATION,radian,0.874,24000.0,11623.05,13.665,511.538,5844500.0,20.831,5.15,5.15,67.53,0.0,6.0,,1.242,,,,,11.86,,,,-1.052
1,"ATLAS-NOTABS, FIN SPAN 5.25 IN",WING-BODY CONFIGURATION,radian,0.874,24000.0,11623.05,13.665,511.538,5844500.0,20.831,5.15,5.15,67.53,0.0,7.0,,1.449,,,,,11.86,,,,-1.227
1,"ATLAS-NOTABS, FIN SPAN 5.25 IN",WING-BODY CONFIGURATION,radian,0.874,24000.0,11623.05,13.665,511.538,5844500.0,20.831,5.15,5.15,67.53,0.0,8.0,,1.656,,,,,11.86,,,,-1.402
1,"ATLAS-NOTABS, FIN SPAN 5.25 IN",WING-BODY CONFIGURATION,radian,0.874,24000.0,11623.05,13.665,511.538,5844500.0,20.831,5.15,5.15,67.53,0.0,9.0,,1.863,,,,,11.86,,,,-1.578
1,"ATLAS-NOTABS, FIN SPAN 5.25 IN",WING-BODY CONFIGURATION,radian,0.874,24000.0,11623.05,13.665,511.538,5844500.0,20.831,5.15,5.15,67.53,0.0,10.0,,2.07,,,,,11.86,,,,-1.753
1,"ATLAS-NOTABS, FIN SPAN 5.25 IN",WING-BODY CONFIGURATION,radian,1.132,24000.0,15053.96,13.665,511.538,7569600.0,20.831,5.15,5.15,67.53,0.0,0.0,0.26,0.0,,0.0,0.26,-3.51,11.79,-41.4,-2.38,-47.89,-1.465e-31
1,"ATLAS-NOTABS, FIN SPAN 5.25 IN",WING-BODY CONFIGURATION,radian,1.132,24000.0,15053.96,13.665,511.538,7569600.0,20.831,5.15,5.15,67.53,0.0,1.0,,0.206,,,,,11.79,,,,-0.2489
1,"ATLAS-NOTABS, FIN SPAN 5.25 IN",WING-BODY CONFIGURATION,radian,1.132,24000.0,15053.96,13.665,511.538,7569600.0,20.831,5.15,5.15,67.53,0.0,2.0,,0.412,,,,,11.79,,,,-0.4978
1,"ATLAS-NOTABS, FIN SPAN 5.25 IN",WING-BODY CONFIGURATION,radian,1.132,24000.0,15053.96,13.665,511.538,7569600.0,20.831,5.15,5.15,67.53,0.0,3.0,,0.617,,,,,11.79,,,,-0.7467
1,"ATLAS-NOTABS, FIN SPAN 5.25 IN",WING-BODY CONFIGURATION,radian,1.132,24000.0,15053.96,13.665,511.538,7569600.0,20.831,5.15,5.15,67.53,0.0,4.0,,0.823,,,,,11.79,,,,-0.9956
1,"ATLAS-NOTABS, FIN SPAN 5.25 IN",WING-BODY CONFIGURATION,radian,1.132,24000.0,15053.96,13.665,511.538,7569600.0,20.831,5.15,5.15,67.53,0.0,5.0,,1.029,,,,,11.79,,,,-1.244
1,"ATLAS-NOTABS, FIN SPAN 5.25 IN",WING-BODY CONFIGURATION,radian,1.132,24000.0,15053.96,13.665,511.538,7569600.0,20.831,5.15,5.15,67.53,0.0,6.0,,1.235,,,,,11.79,,,,-1.493
1,"ATLAS-NOTABS, FIN SPAN 5.25 IN",WING-BODY CONFIGURATION,radian,1.132,24000.0,15053.96,13.665,511.538,7569600.0,20.831,5.15,5.15,67.53,0.0,7.0,,1.441,,,,,11.79,,,,-1.742
1,"ATLAS-NOTABS, FIN SPAN 5.25 IN",WING-BODY CONFIGURATION,radian,1.132,24000.0,15053.96,13.665,511.538,7569600.0,20.831,5.15,5.15,67.53,0.0,8.0,,1.647,,,,,11.79,,,,-1.991
1,"ATLAS-NOTABS, FIN SPAN 5.25 IN",WING-BODY CONFIGURATION,radian,1.132,24000.0,15053.96,13.665,511.538,7569600.0,20.831,5.15,5.15,67.53,0.0,9.0,,1.852,,,,,11.79,,,,-2.24
1,"ATLAS-NOTABS, FIN SPAN 5.25 IN",WING-BODY CONFIGURATION,radian,1.132,24000.0,15053.96,13.665,511.538,7569600.0,20.831,5.15,5.15,67.53,0.0,10.0,,2.058,,,,,11.79,,,,-2.489
1,"ATLAS-NOTABS, FIN SPAN 5.25 IN",WING-BODY CONFIGURATION,radian,1.389,24000.0,18484.86,13.665,511.538,9294800.0,20.831,5.15,5.15,67.53,0.0,0.0,0.417,0.0,,0.0,0.417,-3.373,12.48,-42.1,-2.588,-48.98,-2.453e-31
1,"ATLAS-NOTABS, FIN SPAN 5.25 IN",WING-BODY CONFIGURATION,radian,1.389,24000.0,18484.86,13.665,511.538,9294800.0,20.831,5.15,5.15,67.53,0.0,1.0,,0.218,,,,,12.48,,,,-0.3859
1,"ATLAS-NOTABS, FIN SPAN 5.25 IN",WING-BODY CONFIGURATION,radian,1.389,24000.0,18484.86,13.665,511.538,9294800.0,20.831,5.15,5.15,67.53,0.0,2.0,,0.436,,,,,12.48,,,,-0.7718
1,"ATLAS-NOTABS, FIN SPAN 5.25 IN",WING-BODY CONFIGURATION,radian,1.389,24000.0,18484.86,13.665,511.538,9294800.0,20.831,5.15,5.15,67.53,0.0,3.0,,0.654,,,,,12.48,,,,-1.158
1,"ATLAS-NOTABS, FIN SPAN 5.25 IN",WING-BODY CONFIGURATION,radian,1.389,24000.0,18484.86,13.665,511.538,9294800.0,20.831,5.15,5.15,67.53,0.0,4.0,,0.871,,,,,12.48,,,,-1.544
1,"ATLAS-NOTABS, FIN SPAN 5.25 IN",WING-BODY CONFIGURATION,radian,1.389,24000.0,18484.86,13.665,511.538,9294800.0,20.831,5.15,5.15,67.53,0.0,5.0,,1.089,,,,,12.48,,,,-1.93
1,"ATLAS-NOTABS, FIN SPAN 5.25 IN",WING-BODY CONFIGURATION,radian,1.389,24000.0,18484.86,13.665,511.538,9294800.0,20.831,5.15,5.15,67.53,0.0,6.0,,1.307,,,,,12.48,,,,-2.315
1,"ATLAS-NOTABS, FIN SPAN 5.25 IN",WING-BODY CONFIGURATION,radian,1.389,24000.0,18484.86,13.665,511.538,9294800.0,20.831,5.15,5.15,67.53,0.0,7.0,,1.525,,,,,12.48,,,,-2.701
1,"ATLAS-NOTABS, FIN SPAN 5.25 IN",WING-BODY CONFIGURATION,radian,1.389,24000.0,18484.86,13.665,511.538,9294800.0,20.831,5.15,5.15,67.53,0.0,8.0,,1.743,,,,,12.48,,,,-3.087
1,"ATLAS-NOTABS, FIN SPAN 5.25 IN",WING-BODY CONFIGURATION,radian,1.389,24000.0,18484.86,13.665,511.538,9294800.0,20.831,5.15,5.15,67.53,0.0,9.0,,1.961,,,,,12.48,,,,-3.473
1,"ATLAS-NOTABS, FIN SPAN 5.25 IN",WING-BODY CONFIGURATION,radian,1.389,24000.0,18484.86,13.665,511.538,9294800.0,20.831,5.15,5.15,67.53,0.0,10.0,,2.178,,,,,12.48,,,,-3.859
1,"ATLAS-NOTABS, FIN SPAN 5.25 IN",WING-BODY CONFIGURATION,radian,1.647,24000.0,21915.75,13.665,511.538,11020000.0,20.831,5.15,5.15,67.53,0.0,0.0,0.388,0.0,-0.0,0.0,0.388,,9.447,-18.32,-2.712,-49.88,-1.065e-31
1,"ATLAS-NOTABS, FIN SPAN 5.25 IN",WING-BODY CONFIGURATION,radian,1.647,24000.0,21915.75,13.665,511.538,11020000.0,20.831,5.15,5.15,67.53,0.0,1.0,0.39,0.169,-0.2997,0.176,0.387,-1.702,10.32,,,,-0.1495
1,"ATLAS-NOTABS, FIN SPAN 5.25 IN",WING-BODY CONFIGURATION,radian,1.647,24000.0,21915.75,13.665,511.538,11020000.0,20.831,5.15,5.15,67.53,0.0,2.0,0.396,0.36,-0.5907,0.374,0.384,-1.58,11.53,,,,-0.3039
1,"ATLAS-NOTABS, FIN SPAN 5.25 IN",WING-BODY CONFIGURATION,radian,1.647,24000.0,21915.75,13.665,511.538,11020000.0,20.831,5.15,5.15,67.53,0.0,3.0,0.409,0.572,-0.8708,0.592,0.379,-1.47,12.7,,,,-0.4626
1,"ATLAS-NOTABS, FIN SPAN 5.25 IN",WING-BODY CONFIGURATION,radian,1.647,24000.0,21915.75,13.665,511.538,11020000.0,20.831,5.15,5.15,67.53,0.0,4.0,0.429,0.803,-1.1379,0.831,0.372,-1.369,13.83,,,,-0.6252
1,"ATLAS-NOTABS, FIN SPAN 5.25 IN",WING-BODY CONFIGURATION,radian,1.647,24000.0,21915.75,13.665,511.538,11020000.0,20.831,5.15,5.15,67.53,0.0,5.0,0.457,1.054,-1.3901,1.09,0.363,-1.275,13.77,,,,-0.791
1,"ATLAS-NOTABS, FIN SPAN 5.25 IN",WING-BODY CONFIGURATION,radian,1.647,24000.0,21915.75,13.665,511.538,11020000.0,20.831,5.15,5.15,67.53,0.0,6.0,0.494,1.284,-1.6203,1.329,0.357,-1.219,14.42,,,,-0.9598
1,"ATLAS-NOTABS, FIN SPAN 5.25 IN",WING-BODY CONFIGURATION,radian,1.647,24000.0,21915.75,13.665,511.538,11020000.0,20.831,5.15,5.15,67.53,0.0,7.0,0.541,1.558,-1.8355,1.612,0.347,-1.139,15.98,,,,-1.131
1,"ATLAS-NOTABS, FIN SPAN 5.25 IN",WING-BODY CONFIGURATION,radian,1.647,24000.0,21915.75,13.665,511.538,11020000.0,20.831,5.15,5.15,67.53,0.0,8.0,0.598,1.842,-2.0297,1.907,0.336,-1.064,16.67,,,,-1.304
1,"ATLAS-NOTABS, FIN SPAN 5.25 IN",WING-BODY CONFIGURATION,radian,1.647,24000.0,21915.75,13.665,511.538,11020000.0,20.831,5.15,5.15,67.53,0.0,9.0,0.668,2.14,-2.1988,2.218,0.325,-0.991,17.6,,,,-1.479
1,"ATLAS-NOTABS, FIN SPAN 5.25 IN",WING-BODY CONFIGURATION,radian,1.647,24000.0,21915.75,13.665,511.538,11020000.0,20.831,5.15,5.15,67.53,0.0,10.0,0.75,2.456,-2.3329,2.549,0.312,-0.915,18.67,,,,-1.654
1,"ATLAS-NOTABS, FIN SPAN 5.25 IN",WING-BODY CONFIGURATION,radian,1.905,24000.0,25346.65,13.665,511.538,12745000.0,20.831,5.15,5.15,67.53,0.0,0.0,0.359,0.0,-0.0,0.0,0.359,,8.464,-9.294,-2.823,-50.64,-5.479e-32
1,"ATLAS-NOTABS, FIN SPAN 5.25 IN",WING-BODY CONFIGURATION,radian,1.905,24000.0,25346.65,13.665,511.538,12745000.0,20.831,5.15,5.15,67.53,0.0,1.0,0.361,0.153,-0.1413,0.159,0.359,-0.889,9.348,,,,-0.09698
1,"ATLAS-NOTABS, FIN SPAN 5.25 IN",WING-BODY CONFIGURATION,radian,1.905,24000.0,25346.65,13.665,511.538,12745000.0,20.831,5.15,5.15,67.53,0.0,2.0,0.368,0.326,-0.2721,0.339,0.356,-0.803,10.55,,,,-0.1975
1,"ATLAS-NOTABS, FIN SPAN 5.25 IN",WING-BODY CONFIGURATION,radian,1.905,24000.0,25346.65,13.665,511.538,12745000.0,20.831,5.15,5.15,67.53,0.0,3.0,0.38,0.521,-0.3903,0.54,0.352,-0.723,11.71,,,,-0.3011
1,"ATLAS-NOTABS, FIN SPAN 5.25 IN",WING-BODY CONFIGURATION,radian,1.905,24000.0,25346.65,13.665,511.538,12745000.0,20.831,5.15,5.15,67.53,0.0,4.0,0.398,0.735,-0.4939,0.761,0.346,-0.649,12.82,,,,-0.4074
1,"ATLAS-NOTABS, FIN SPAN 5.25 IN",WING-BODY CONFIGURATION,radian,1.905,24000.0,25346.65,13.665,511.538,12745000.0,20.831,5.15,5.15,67.53,0.0,5.0,0.425,0.968,-0.5811,1.002,0.339,-0.58,12.93,,,,-0.5162
1,"ATLAS-NOTABS, FIN SPAN 5.25 IN",WING-BODY CONFIGURATION,radian,1.905,24000.0,25346.65,13.665,511.538,12745000.0,20.831,5.15,5.15,67.53,0.0,6.0,0.46,1.186,-0.6458,1.228,0.333,-0.526,13.64,,,,-0.6269
1,"ATLAS-NOTABS, FIN SPAN 5.25 IN",WING-BODY CONFIGURATION,radian,1.905,24000.0,25346.65,13.665,511.538,12745000.0,20.831,5.15,5.15,67.53,0.0,7.0,0.505,1.444,-0.6939,1.495,0.325,-0.464,15.16,,,,-0.7394
1,"ATLAS-NOTABS, FIN SPAN 5.25 IN",WING-BODY CONFIGURATION,radian,1.905,24000.0,25346.65,13.665,511.538,12745000.0,20.831,5.15,5.15,67.53,0.0,8.0,0.56,1.716,-0.7153,1.777,0.316,-0.403,16.03,,,,-0.8533
1,"ATLAS-NOTABS, FIN SPAN 5.25 IN",WING-BODY CONFIGURATION,radian,1.905,24000.0,25346.65,13.665,511.538,12745000.0,20.831,5.15,5.15,67.53,0.0,9.0,0.627,2.004,-0.7044,2.077,0.306,-0.339,17.06,,,,-0.9682
1,"ATLAS-NOTABS, FIN SPAN 5.25 IN",WING-BODY CONFIGURATION,radian,1.905,24000.0,25346.65,13.665,511.538,12745000.0,20.831,5.15,5.15,67.53,0.0,10.0,0.708,2.311,-0.6584,2.399,0.296,-0.274,18.13,,,,-1.084
1,"ATLAS-NOTABS, FIN SPAN 5.25 IN",WING-BODY CONFIGURATION,radian,2.163,24000.0,28777.56,13.665,511.538,14470000.0,20.831,5.15,5.15,67.53,0.0,0.0,0.335,0.0,-0.0,0.0,0.335,,7.889,-3.972,-2.9,-51.32,-3.167e-32
1,"ATLAS-NOTABS, FIN SPAN 5.25 IN",WING-BODY CONFIGURATION,radian,2.163,24000.0,28777.56,13.665,511.538,14470000.0,20.831,5.15,5.15,67.53,0.0,1.0,0.337,0.142,-0.0446,0.148,0.334,-0.3,8.741,,,,-0.07313
1,"ATLAS-NOTABS, FIN SPAN 5.25 IN",WING-BODY CONFIGURATION,radian,2.163,24000.0,28777.56,13.665,511.538,14470000.0,20.831,5.15,5.15,67.53,0.0,2.0,0.343,0.305,-0.0711,0.317,0.332,-0.224,9.881,,,,-0.1484
1,"ATLAS-NOTABS, FIN SPAN 5.25 IN",WING-BODY CONFIGURATION,radian,2.163,24000.0,28777.56,13.665,511.538,14470000.0,20.831,5.15,5.15,67.53,0.0,3.0,0.354,0.487,-0.077,0.505,0.329,-0.152,10.98,,,,-0.2255
1,"ATLAS-NOTABS, FIN SPAN 5.25 IN",WING-BODY CONFIGURATION,radian,2.163,24000.0,28777.56,13.665,511.538,14470000.0,20.831,5.15,5.15,67.53,0.0,4.0,0.372,0.688,-0.0595,0.713,0.323,-0.083,12.03,,,,-0.3041
1,"ATLAS-NOTABS, FIN SPAN 5.25 IN",WING-BODY CONFIGURATION,radian,2.163,24000.0,28777.56,13.665,511.538,14470000.0,20.831,5.15,5.15,67.53,0.0,5.0,0.398,0.907,-0.0166,0.938,0.317,-0.018,12.18,,,,-0.3836
1,"ATLAS-NOTABS, FIN SPAN 5.25 IN",WING-BODY CONFIGURATION,radian,2.163,24000.0,28777.56,13.665,511.538,14470000.0,20.831,5.15,5.15,67.53,0.0,6.0,0.431,1.113,0.058,1.152,0.312,0.05,12.89,,,,-0.4639
1,"ATLAS-NOTABS, FIN SPAN 5.25 IN",WING-BODY CONFIGURATION,radian,2.163,24000.0,28777.56,13.665,511.538,14470000.0,20.831,5.15,5.15,67.53,0.0,7.0,0.474,1.357,0.1636,1.405,0.305,0.116,14.38,,,,-0.5445
1,"ATLAS-NOTABS, FIN SPAN 5.25 IN",WING-BODY CONFIGURATION,radian,2.163,24000.0,28777.56,13.665,511.538,14470000.0,20.831,5.15,5.15,67.53,0.0,8.0,0.527,1.615,0.3121,1.673,0.297,0.187,15.29,,,,-0.6249
1,"ATLAS-NOTABS, FIN SPAN 5.25 IN",WING-BODY CONFIGURATION,radian,2.163,24000.0,28777.56,13.665,511.538,14470000.0,20.831,5.15,5.15,67.53,0.0,9.0,0.591,1.891,0.5043,1.96,0.288,0.257,16.37,,,,-0.7052
1,"ATLAS-NOTABS, FIN SPAN 5.25 IN",WING-BODY CONFIGURATION,radian,2.163,24000.0,28777.56,13.665,511.538,14470000.0,20.831,5.15,5.15,67.53,0.0,10.0,0.669,2.187,0.7458,2.27,0.279,0.329,17.58,,,,-0.7854
1,"ATLAS-NOTABS, FIN SPAN 5.25 IN",WING-BODY CONFIGURATION,radian,2.421,24000.0,32208.46,13.665,511.538,16196000.0,20.831,5.15,5.15,67.53,0.0,0.0,0.312,0.0,-0.0,0.0,0.312,,7.589,-0.897,-2.974,-51.91,-2.118e-32
1,"ATLAS-NOTABS, FIN SPAN 5.25 IN",WING-BODY CONFIGURATION,radian,2.421,24000.0,32208.46,13.665,511.538,16196000.0,20.831,5.15,5.15,67.53,0.0,1.0,0.314,0.138,0.0094,0.143,0.312,0.066,8.461,,,,-0.0625
1,"ATLAS-NOTABS, FIN SPAN 5.25 IN",WING-BODY CONFIGURATION,radian,2.421,24000.0,32208.46,13.665,511.538,16196000.0,20.831,5.15,5.15,67.53,0.0,2.0,0.32,0.295,0.037,0.306,0.31,0.121,9.598,,,,-0.127
1,"ATLAS-NOTABS, FIN SPAN 5.25 IN",WING-BODY CONFIGURATION,radian,2.421,24000.0,32208.46,13.665,511.538,16196000.0,20.831,5.15,5.15,67.53,0.0,3.0,0.332,0.473,0.0857,0.489,0.307,0.175,10.69,,,,-0.1931
1,"ATLAS-NOTABS, FIN SPAN 5.25 IN",WING-BODY CONFIGURATION,radian,2.421,24000.0,32208.46,13.665,511.538,16196000.0,20.831,5.15,5.15,67.53,0.0,4.0,0.35,0.668,0.1581,0.691,0.303,0.229,11.74,,,,-0.2604
1,"ATLAS-NOTABS, FIN SPAN 5.25 IN",WING-BODY CONFIGURATION,radian,2.421,24000.0,32208.46,13.665,511.538,16196000.0,20.831,5.15,5.15,67.53,0.0,5.0,0.375,0.882,0.2562,0.912,0.297,0.281,11.95,,,,-0.3287
1,"ATLAS-NOTABS, FIN SPAN 5.25 IN",WING-BODY CONFIGURATION,radian,2.421,24000.0,32208.46,13.665,511.538,16196000.0,20.831,5.15,5.15,67.53,0.0,6.0,0.409,1.086,0.3871,1.122,0.293,0.345,12.76,,,,-0.3976
1,"ATLAS-NOTABS, FIN SPAN 5.25 IN",WING-BODY CONFIGURATION,radian,2.421,24000.0,32208.46,13.665,511.538,16196000.0,20.831,5.15,5.15,67.53,0.0,7.0,0.452,1.328,0.5561,1.373,0.287,0.405,14.31,,,,-0.4666
1,"ATLAS-NOTABS, FIN SPAN 5.25 IN",WING-BODY CONFIGURATION,radian,2.421,24000.0,32208.46,13.665,511.538,16196000.0,20.831,5.15,5.15,67.53,0.0,8.0,0.506,1.585,0.7682,1.64,0.28,0.468,15.32,,,,-0.5356
1,"ATLAS-NOTABS, FIN SPAN 5.25 IN",WING-BODY CONFIGURATION,radian,2.421,24000.0,32208.46,13.665,511.538,16196000.0,20.831,5.15,5.15,67.53,0.0,9.0,0.572,1.862,1.0273,1.929,0.273,0.533,16.65,,,,-0.6048
1,"ATLAS-NOTABS, FIN SPAN 5.25 IN",WING-BODY CONFIGURATION,radian,2.421,24000.0,32208.46,13.665,511.538,16196000.0,20.831,5.15,5.15,67.53,0.0,10.0,0.652,2.166,1.352,2.246,0.266,0.602,18.14,,,,-0.6734
1,"ATLAS-NOTABS, FIN SPAN 5.25 IN",WING-BODY CONFIGURATION,radian,2.679,24000.0,35639.35,13.665,511.538,17921000.0,20.831,5.15,5.15,67.53,0.0,0.0,0.293,0.0,-0.0,0.0,0.293,,7.278,2.271,-3.045,-52.45,-1.198e-32
1,"ATLAS-NOTABS, FIN SPAN 5.25 IN",WING-BODY CONFIGURATION,radian,2.679,24000.0,35639.35,13.665,511.538,17921000.0,20.831,5.15,5.15,67.53,0.0,1.0,0.295,0.132,0.0649,0.138,0.292,0.472,8.167,,,,-0.05319
1,"ATLAS-NOTABS, FIN SPAN 5.25 IN",WING-BODY CONFIGURATION,radian,2.679,24000.0,35639.35,13.665,511.538,17921000.0,20.831,5.15,5.15,67.53,0.0,2.0,0.301,0.285,0.1482,0.295,0.29,0.502,9.301,,,,-0.1082
1,"ATLAS-NOTABS, FIN SPAN 5.25 IN",WING-BODY CONFIGURATION,radian,2.679,24000.0,35639.35,13.665,511.538,17921000.0,20.831,5.15,5.15,67.53,0.0,3.0,0.312,0.457,0.253,0.473,0.288,0.535,10.39,,,,-0.1646
1,"ATLAS-NOTABS, FIN SPAN 5.25 IN",WING-BODY CONFIGURATION,radian,2.679,24000.0,35639.35,13.665,511.538,17921000.0,20.831,5.15,5.15,67.53,0.0,4.0,0.33,0.648,0.3819,0.669,0.284,0.571,11.43,,,,-0.2222
1,"ATLAS-NOTABS, FIN SPAN 5.25 IN",WING-BODY CONFIGURATION,radian,2.679,24000.0,35639.35,13.665,511.538,17921000.0,20.831,5.15,5.15,67.53,0.0,5.0,0.355,0.856,0.537,0.884,0.279,0.608,11.76,,,,-0.2806
1,"ATLAS-NOTABS, FIN SPAN 5.25 IN",WING-BODY CONFIGURATION,radian,2.679,24000.0,35639.35,13.665,511.538,17921000.0,20.831,5.15,5.15,67.53,0.0,6.0,0.389,1.058,0.7302,1.093,0.276,0.668,12.65,,,,-0.3395
1,"ATLAS-NOTABS, FIN SPAN 5.25 IN",WING-BODY CONFIGURATION,radian,2.679,24000.0,35639.35,13.665,511.538,17921000.0,20.831,5.15,5.15,67.53,0.0,7.0,0.432,1.298,0.9627,1.341,0.27,0.718,14.24,,,,-0.3984
1,"ATLAS-NOTABS, FIN SPAN 5.25 IN",WING-BODY CONFIGURATION,radian,2.679,24000.0,35639.35,13.665,511.538,17921000.0,20.831,5.15,5.15,67.53,0.0,8.0,0.486,1.556,1.2398,1.608,0.265,0.771,15.48,,,,-0.4576
1,"ATLAS-NOTABS, FIN SPAN 5.25 IN",WING-BODY CONFIGURATION,radian,2.679,24000.0,35639.35,13.665,511.538,17921000.0,20.831,5.15,5.15,67.53,0.0,9.0,0.553,1.838,1.5786,1.902,0.259,0.83,17.02,,,,-0.5166
1,"ATLAS-NOTABS, FIN SPAN 5.25 IN",WING-BODY CONFIGURATION,radian,2.679,24000.0,35639.35,13.665,511.538,17921000.0,20.831,5.15,5.15,67.53,0.0,10.0,0.635,2.15,1.9912,2.227,0.252,0.894,18.7,,,,-0.575
1,"ATLAS-NOTABS, FIN SPAN 5.25 IN",WING-BODY CONFIGURATION,radian,2.937,24000.0,39070.26,13.665,511.538,19646000.0,20.831,5.15,5.15,67.53,0.0,0.0,0.274,-0.0,-0.0,-0.0,0.274,,6.992,5.088,-3.105,-52.93,-4.672e-33
1,"ATLAS-NOTABS, FIN SPAN 5.25 IN",WING-BODY CONFIGURATION,radian,2.937,24000.0,39070.26,13.665,511.538,19646000.0,20.831,5.15,5.15,67.53,0.0,1.0,0.276,0.128,0.1141,0.133,0.274,0.86,7.898,,,,-0.04579
1,"ATLAS-NOTABS, FIN SPAN 5.25 IN",WING-BODY CONFIGURATION,radian,2.937,24000.0,39070.26,13.665,511.538,19646000.0,20.831,5.15,5.15,67.53,0.0,2.0,0.282,0.276,0.2468,0.285,0.272,0.865,9.03,,,,-0.09325
1,"ATLAS-NOTABS, FIN SPAN 5.25 IN",WING-BODY CONFIGURATION,radian,2.937,24000.0,39070.26,13.665,511.538,19646000.0,20.831,5.15,5.15,67.53,0.0,3.0,0.293,0.443,0.4015,0.458,0.27,0.877,10.12,,,,-0.142
1,"ATLAS-NOTABS, FIN SPAN 5.25 IN",WING-BODY CONFIGURATION,radian,2.937,24000.0,39070.26,13.665,511.538,19646000.0,20.831,5.15,5.15,67.53,0.0,4.0,0.311,0.629,0.5805,0.649,0.266,0.895,11.16,,,,-0.1919
1,"ATLAS-NOTABS, FIN SPAN 5.25 IN",WING-BODY CONFIGURATION,radian,2.937,24000.0,39070.26,13.665,511.538,19646000.0,20.831,5.15,5.15,67.53,0.0,5.0,0.336,0.833,0.7874,0.859,0.262,0.917,11.6,,,,-0.2424
1,"ATLAS-NOTABS, FIN SPAN 5.25 IN",WING-BODY CONFIGURATION,radian,2.937,24000.0,39070.26,13.665,511.538,19646000.0,20.831,5.15,5.15,67.53,0.0,6.0,0.369,1.034,1.0363,1.067,0.259,0.972,12.58,,,,-0.2932
1,"ATLAS-NOTABS, FIN SPAN 5.25 IN",WING-BODY CONFIGURATION,radian,2.937,24000.0,39070.26,13.665,511.538,19646000.0,20.831,5.15,5.15,67.53,0.0,7.0,0.412,1.272,1.3255,1.313,0.254,1.01,14.27,,,,-0.3443
1,"ATLAS-NOTABS, FIN SPAN 5.25 IN",WING-BODY CONFIGURATION,radian,2.937,24000.0,39070.26,13.665,511.538,19646000.0,20.831,5.15,5.15,67.53,0.0,8.0,0.467,1.532,1.6682,1.582,0.249,1.055,15.75,,,,-0.3955
1,"ATLAS-NOTABS, FIN SPAN 5.25 IN",WING-BODY CONFIGURATION,radian,2.937,24000.0,39070.26,13.665,511.538,19646000.0,20.831,5.15,5.15,67.53,0.0,9.0,0.535,1.821,2.0847,1.883,0.244,1.107,17.44,,,,-0.4464
1,"ATLAS-NOTABS, FIN SPAN 5.25 IN",WING-BODY CONFIGURATION,radian,2.937,24000.0,39070.26,13.665,511.538,19646000.0,20.831,5.15,5.15,67.53,0.0,10.0,0.619,2.141,2.5762,2.216,0.238,1.163,19.14,,,,-0.4967
1,"ATLAS-NOTABS, FIN SPAN 5.25 IN",WING-BODY CONFIGURATION,radian,3.195,24000.0,42501.16,13.665,511.538,21371000.0,20.831,5.15,5.15,67.53,0.0,0.0,0.262,0.0,-0.0,0.0,0.262,,6.745,7.574,-3.165,-53.38,1.122e-33
1,"ATLAS-NOTABS, FIN SPAN 5.25 IN",WING-BODY CONFIGURATION,radian,3.195,24000.0,42501.16,13.665,511.538,21371000.0,20.831,5.15,5.15,67.53,0.0,1.0,0.264,0.124,0.1574,0.128,0.262,1.227,7.662,,,,-0.03993
1,"ATLAS-NOTABS, FIN SPAN 5.25 IN",WING-BODY CONFIGURATION,radian,3.195,24000.0,42501.16,13.665,511.538,21371000.0,20.831,5.15,5.15,67.53,0.0,2.0,0.27,0.267,0.3337,0.277,0.261,1.206,8.791,,,,-0.08142
1,"ATLAS-NOTABS, FIN SPAN 5.25 IN",WING-BODY CONFIGURATION,radian,3.195,24000.0,42501.16,13.665,511.538,21371000.0,20.831,5.15,5.15,67.53,0.0,3.0,0.281,0.431,0.5324,0.445,0.258,1.197,9.874,,,,-0.1241
1,"ATLAS-NOTABS, FIN SPAN 5.25 IN",WING-BODY CONFIGURATION,radian,3.195,24000.0,42501.16,13.665,511.538,21371000.0,20.831,5.15,5.15,67.53,0.0,4.0,0.299,0.612,0.7558,0.631,0.255,1.197,10.95,,,,-0.1678
1,"ATLAS-NOTABS, FIN SPAN 5.25 IN",WING-BODY CONFIGURATION,radian,3.195,24000.0,42501.16,13.665,511.538,21371000.0,20.831,5.15,5.15,67.53,0.0,5.0,0.323,0.813,1.0105,0.838,0.251,1.206,11.48,,,,-0.212
1,"ATLAS-NOTABS, FIN SPAN 5.25 IN",WING-BODY CONFIGURATION,radian,3.195,24000.0,42501.16,13.665,511.538,21371000.0,20.831,5.15,5.15,67.53,0.0,6.0,0.356,1.013,1.3089,1.045,0.249,1.253,12.56,,,,-0.2565
1,"ATLAS-NOTABS, FIN SPAN 5.25 IN",WING-BODY CONFIGURATION,radian,3.195,24000.0,42501.16,13.665,511.538,21371000.0,20.831,5.15,5.15,67.53,0.0,7.0,0.4,1.251,1.6508,1.291,0.244,1.279,14.44,,,,-0.3013
1,"ATLAS-NOTABS, FIN SPAN 5.25 IN",WING-BODY CONFIGURATION,radian,3.195,24000.0,42501.16,13.665,511.538,21371000.0,20.831,5.15,5.15,67.53,0.0,8.0,0.455,1.517,2.0606,1.565,0.24,1.316,15.99,,,,-0.3461
1,"ATLAS-NOTABS, FIN SPAN 5.25 IN",WING-BODY CONFIGURATION,radian,3.195,24000.0,42501.16,13.665,511.538,21371000.0,20.831,5.15,5.15,67.53,0.0,9.0,0.524,1.81,2.5399,1.869,0.235,1.359,18.09,,,,-0.3905
1,"ATLAS-NOTABS, FIN SPAN 5.25 IN",WING-BODY CONFIGURATION,radian,3.195,24000.0,42501.16,13.665,511.538,21371000.0,20.831,5.15,5.15,67.53,0.0,10.0,0.612,2.148,3.1258,2.222,0.229,1.407,20.73,,,,-0.4347
1,"ATLAS-NOTABS, FIN SPAN 5.25 IN",WING-BODY CONFIGURATION,radian,3.453,24000.0,45932.07,13.665,511.538,23096000.0,20.831,5.15,5.15,67.53,0.0,0.0,0.253,0.0,-0.0,0.0,0.253,,6.545,9.627,-3.222,-53.79,5.493e-33
1,"ATLAS-NOTABS, FIN SPAN 5.25 IN",WING-BODY CONFIGURATION,radian,3.453,24000.0,45932.07,13.665,511.538,23096000.0,20.831,5.15,5.15,67.53,0.0,1.0,0.254,0.12,0.193,0.125,0.252,1.547,7.471,,,,-0.0355
1,"ATLAS-NOTABS, FIN SPAN 5.25 IN",WING-BODY CONFIGURATION,radian,3.453,24000.0,45932.07,13.665,511.538,23096000.0,20.831,5.15,5.15,67.53,0.0,2.0,0.26,0.261,0.4053,0.27,0.251,1.503,8.597,,,,-0.07248
1,"ATLAS-NOTABS, FIN SPAN 5.25 IN",WING-BODY CONFIGURATION,radian,3.453,24000.0,45932.07,13.665,511.538,23096000.0,20.831,5.15,5.15,67.53,0.0,3.0,0.271,0.42,0.6401,0.434,0.249,1.475,9.677,,,,-0.1106
1,"ATLAS-NOTABS, FIN SPAN 5.25 IN",WING-BODY CONFIGURATION,radian,3.453,24000.0,45932.07,13.665,511.538,23096000.0,20.831,5.15,5.15,67.53,0.0,4.0,0.288,0.599,0.9003,0.617,0.246,1.459,10.79,,,,-0.1496
1,"ATLAS-NOTABS, FIN SPAN 5.25 IN",WING-BODY CONFIGURATION,radian,3.453,24000.0,45932.07,13.665,511.538,23096000.0,20.831,5.15,5.15,67.53,0.0,5.0,0.313,0.797,1.1953,0.821,0.242,1.455,11.42,,,,-0.1891
1,"ATLAS-NOTABS, FIN SPAN 5.25 IN",WING-BODY CONFIGURATION,radian,3.453,24000.0,45932.07,13.665,511.538,23096000.0,20.831,5.15,5.15,67.53,0.0,6.0,0.346,0.997,1.5356,1.028,0.24,1.494,12.64,,,,-0.2288
1,"ATLAS-NOTABS, FIN SPAN 5.25 IN",WING-BODY CONFIGURATION,radian,3.453,24000.0,45932.07,13.665,511.538,23096000.0,20.831,5.15,5.15,67.53,0.0,7.0,0.39,1.238,1.9283,1.277,0.236,1.51,14.62,,,,-0.2689
1,"ATLAS-NOTABS, FIN SPAN 5.25 IN",WING-BODY CONFIGURATION,radian,3.453,24000.0,45932.07,13.665,511.538,23096000.0,20.831,5.15,5.15,67.53,0.0,8.0,0.446,1.508,2.3919,1.555,0.232,1.538,16.51,,,,-0.3087
1,"ATLAS-NOTABS, FIN SPAN 5.25 IN",WING-BODY CONFIGURATION,radian,3.453,24000.0,45932.07,13.665,511.538,23096000.0,20.831,5.15,5.15,67.53,0.0,9.0,0.517,1.815,2.9473,1.873,0.227,1.573,18.79,,,,-0.3483
1,"ATLAS-NOTABS, FIN SPAN 5.25 IN",WING-BODY CONFIGURATION,radian,3.453,24000.0,45932.07,13.665,511.538,23096000.0,20.831,5.15,5.15,67.53,0.0,10.0,0.607,2.163,3.6005,2.236,0.222,1.61,21.18,,,,-0.3876
1,"ATLAS-NOTABS, FIN SPAN 5.25 IN",WING-BODY CONFIGURATION,radian,3.711,24000.0,49362.96,13.665,511.538,24821000.0,20.831,5.15,5.15,67.53,0.0,0.0,0.245,-0.0,-0.0,-0.0,0.245,,6.366,10.94,-3.262,-54.17,8.876e-33
1,"ATLAS-NOTABS, FIN SPAN 5.25 IN",WING-BODY CONFIGURATION,radian,3.711,24000.0,49362.96,13.665,511.538,24821000.0,20.831,5.15,5.15,67.53,0.0,1.0,0.247,0.117,0.2146,0.122,0.245,1.765,7.298,,,,-0.03208
1,"ATLAS-NOTABS, FIN SPAN 5.25 IN",WING-BODY CONFIGURATION,radian,3.711,24000.0,49362.96,13.665,511.538,24821000.0,20.831,5.15,5.15,67.53,0.0,2.0,0.253,0.255,0.4488,0.263,0.243,1.704,8.422,,,,-0.06557
1,"ATLAS-NOTABS, FIN SPAN 5.25 IN",WING-BODY CONFIGURATION,radian,3.711,24000.0,49362.96,13.665,511.538,24821000.0,20.831,5.15,5.15,67.53,0.0,3.0,0.263,0.411,0.7058,0.425,0.242,1.663,9.508,,,,-0.1001
1,"ATLAS-NOTABS, FIN SPAN 5.25 IN",WING-BODY CONFIGURATION,radian,3.711,24000.0,49362.96,13.665,511.538,24821000.0,20.831,5.15,5.15,67.53,0.0,4.0,0.28,0.587,0.9895,0.605,0.239,1.636,10.65,,,,-0.1355
1,"ATLAS-NOTABS, FIN SPAN 5.25 IN",WING-BODY CONFIGURATION,radian,3.711,24000.0,49362.96,13.665,511.538,24821000.0,20.831,5.15,5.15,67.53,0.0,5.0,0.305,0.783,1.3111,0.807,0.235,1.625,11.39,,,,-0.1713
1,"ATLAS-NOTABS, FIN SPAN 5.25 IN",WING-BODY CONFIGURATION,radian,3.711,24000.0,49362.96,13.665,511.538,24821000.0,20.831,5.15,5.15,67.53,0.0,6.0,0.338,0.984,1.6798,1.014,0.233,1.656,12.77,,,,-0.2074
1,"ATLAS-NOTABS, FIN SPAN 5.25 IN",WING-BODY CONFIGURATION,radian,3.711,24000.0,49362.96,13.665,511.538,24821000.0,20.831,5.15,5.15,67.53,0.0,7.0,0.382,1.229,2.1114,1.266,0.23,1.667,14.89,,,,-0.2436
1,"ATLAS-NOTABS, FIN SPAN 5.25 IN",WING-BODY CONFIGURATION,radian,3.711,24000.0,49362.96,13.665,511.538,24821000.0,20.831,5.15,5.15,67.53,0.0,8.0,0.439,1.504,2.6199,1.55,0.226,1.69,17.0,,,,-0.2797
1,"ATLAS-NOTABS, FIN SPAN 5.25 IN",WING-BODY CONFIGURATION,radian,3.711,24000.0,49362.96,13.665,511.538,24821000.0,20.831,5.15,5.15,67.53,0.0,9.0,0.513,1.822,3.2294,1.88,0.221,1.718,19.65,,,,-0.3156
1,"ATLAS-NOTABS, FIN SPAN 5.25 IN",WING-BODY CONFIGURATION,radian,3.711,24000.0,49362.96,13.665,511.538,24821000.0,20.831,5.15,5.15,67.53,0.0,10.0,0.606,2.19,3.957,2.262,0.217,1.75,22.43,,,,-0.351
1,"ATLAS-NOTABS, FIN SPAN 5.25 IN",WING-BODY CONFIGURATION,radian,3.968,24000.0,52793.87,13.665,511.538,26547000.0,20.831,5.15,5.15,67.53,0.0,0.0,0.238,0.0,-0.0,0.0,0.238,,6.212,12.03,-3.301,-54.52,1.167e-32
1,"ATLAS-NOTABS, FIN SPAN 5.25 IN",WING-BODY CONFIGURATION,radian,3.968,24000.0,52793.87,13.665,511.538,26547000.0,20.831,5.15,5.15,67.53,0.0,1.0,0.24,0.115,0.2325,0.119,0.238,1.955,7.149,,,,-0.02926
1,"ATLAS-NOTABS, FIN SPAN 5.25 IN",WING-BODY CONFIGURATION,radian,3.968,24000.0,52793.87,13.665,511.538,26547000.0,20.831,5.15,5.15,67.53,0.0,2.0,0.245,0.25,0.4847,0.258,0.237,1.879,8.272,,,,-0.05987
1,"ATLAS-NOTABS, FIN SPAN 5.25 IN",WING-BODY CONFIGURATION,radian,3.968,24000.0,52793.87,13.665,511.538,26547000.0,20.831,5.15,5.15,67.53,0.0,3.0,0.256,0.404,0.7603,0.416,0.235,1.826,9.372,,,,-0.0915
1,"ATLAS-NOTABS, FIN SPAN 5.25 IN",WING-BODY CONFIGURATION,radian,3.968,24000.0,52793.87,13.665,511.538,26547000.0,20.831,5.15,5.15,67.53,0.0,4.0,0.273,0.577,1.0644,0.594,0.232,1.791,10.54,,,,-0.1238
1,"ATLAS-NOTABS, FIN SPAN 5.25 IN",WING-BODY CONFIGURATION,radian,3.968,24000.0,52793.87,13.665,511.538,26547000.0,20.831,5.15,5.15,67.53,0.0,5.0,0.298,0.771,1.4081,0.794,0.229,1.772,11.41,,,,-0.1566
1,"ATLAS-NOTABS, FIN SPAN 5.25 IN",WING-BODY CONFIGURATION,radian,3.968,24000.0,52793.87,13.665,511.538,26547000.0,20.831,5.15,5.15,67.53,0.0,6.0,0.331,0.975,1.8047,1.004,0.227,1.797,12.91,,,,-0.1897
1,"ATLAS-NOTABS, FIN SPAN 5.25 IN",WING-BODY CONFIGURATION,radian,3.968,24000.0,52793.87,13.665,511.538,26547000.0,20.831,5.15,5.15,67.53,0.0,7.0,0.375,1.222,2.2685,1.259,0.224,1.802,15.26,,,,-0.2228
1,"ATLAS-NOTABS, FIN SPAN 5.25 IN",WING-BODY CONFIGURATION,radian,3.968,24000.0,52793.87,13.665,511.538,26547000.0,20.831,5.15,5.15,67.53,0.0,8.0,0.434,1.508,2.8256,1.553,0.22,1.819,17.62,,,,-0.2557
1,"ATLAS-NOTABS, FIN SPAN 5.25 IN",WING-BODY CONFIGURATION,radian,3.968,24000.0,52793.87,13.665,511.538,26547000.0,20.831,5.15,5.15,67.53,0.0,9.0,0.51,1.837,3.4866,1.894,0.216,1.84,20.41,,,,-0.2885
1,"ATLAS-NOTABS, FIN SPAN 5.25 IN",WING-BODY CONFIGURATION,radian,3.968,24000.0,52793.87,13.665,511.538,26547000.0,20.831,5.15,5.15,67.53,0.0,10.0,0.607,2.22,4.2782,2.292,0.212,1.867,23.46,,,,-0.3206
1,"ATLAS-NOTABS, FIN SPAN 5.25 IN",WING-BODY CONFIGURATION,radian,4.226,24000.0,56224.77,13.665,511.538,28272000.0,20.831,5.15,5.15,67.53,0.0,0.0,0.232,0.0,-0.0,0.0,0.232,,6.084,12.9,-3.34,-54.86,1.389e-32
1,"ATLAS-NOTABS, FIN SPAN 5.25 IN",WING-BODY CONFIGURATION,radian,4.226,24000.0,56224.77,13.665,511.538,28272000.0,20.831,5.15,5.15,67.53,0.0,1.0,0.234,0.113,0.2464,0.117,0.231,2.111,7.027,,,,-0.02701
1,"ATLAS-NOTABS, FIN SPAN 5.25 IN",WING-BODY CONFIGURATION,radian,4.226,24000.0,56224.77,13.665,511.538,28272000.0,20.831,5.15,5.15,67.53,0.0,2.0,0.239,0.245,0.5127,0.253,0.23,2.023,8.147,,,,-0.05532
1,"ATLAS-NOTABS, FIN SPAN 5.25 IN",WING-BODY CONFIGURATION,radian,4.226,24000.0,56224.77,13.665,511.538,28272000.0,20.831,5.15,5.15,67.53,0.0,3.0,0.25,0.397,0.8027,0.41,0.229,1.96,9.263,,,,-0.0846
1,"ATLAS-NOTABS, FIN SPAN 5.25 IN",WING-BODY CONFIGURATION,radian,4.226,24000.0,56224.77,13.665,511.538,28272000.0,20.831,5.15,5.15,67.53,0.0,4.0,0.267,0.569,1.1234,0.586,0.226,1.918,10.48,,,,-0.1145
1,"ATLAS-NOTABS, FIN SPAN 5.25 IN",WING-BODY CONFIGURATION,radian,4.226,24000.0,56224.77,13.665,511.538,28272000.0,20.831,5.15,5.15,67.53,0.0,5.0,0.291,0.763,1.4863,0.785,0.223,1.893,11.48,,,,-0.1448
1,"ATLAS-NOTABS, FIN SPAN 5.25 IN",WING-BODY CONFIGURATION,radian,4.226,24000.0,56224.77,13.665,511.538,28272000.0,20.831,5.15,5.15,67.53,0.0,6.0,0.325,0.969,1.9082,0.998,0.222,1.912,13.12,,,,-0.1755
1,"ATLAS-NOTABS, FIN SPAN 5.25 IN",WING-BODY CONFIGURATION,radian,4.226,24000.0,56224.77,13.665,511.538,28272000.0,20.831,5.15,5.15,67.53,0.0,7.0,0.37,1.221,2.4032,1.257,0.218,1.912,15.62,,,,-0.206
1,"ATLAS-NOTABS, FIN SPAN 5.25 IN",WING-BODY CONFIGURATION,radian,4.226,24000.0,56224.77,13.665,511.538,28272000.0,20.831,5.15,5.15,67.53,0.0,8.0,0.43,1.515,2.999,1.56,0.215,1.923,18.29,,,,-0.2365
1,"ATLAS-NOTABS, FIN SPAN 5.25 IN",WING-BODY CONFIGURATION,radian,4.226,24000.0,56224.77,13.665,511.538,28272000.0,20.831,5.15,5.15,67.53,0.0,9.0,0.508,1.859,3.716,1.916,0.211,1.94,20.93,,,,-0.2667
1,"ATLAS-NOTABS, FIN SPAN 5.25 IN",WING-BODY CONFIGURATION,radian,4.226,24000.0,56224.77,13.665,511.538,28272000.0,20.831,5.15,5.15,67.53,0.0,10.0,0.606,2.245,4.5342,2.317,0.207,1.957,23.31,,,,-0.2965
1,"ATLAS-NOTABS, FIN SPAN 5.25 IN",WING-BODY CONFIGURATION,radian,4.484,24000.0,59655.67,13.665,511.538,29997000.0,20.831,5.15,5.15,67.53,0.0,0.0,0.226,0.0,-0.0,0.0,0.226,,5.947,13.41,-3.353,-55.17,1.58e-32
1,"ATLAS-NOTABS, FIN SPAN 5.25 IN",WING-BODY CONFIGURATION,radian,4.484,24000.0,59655.67,13.665,511.538,29997000.0,20.831,5.15,5.15,67.53,0.0,1.0,0.228,0.11,0.254,0.114,0.226,2.222,6.895,,,,-0.02508
1,"ATLAS-NOTABS, FIN SPAN 5.25 IN",WING-BODY CONFIGURATION,radian,4.484,24000.0,59655.67,13.665,511.538,29997000.0,20.831,5.15,5.15,67.53,0.0,2.0,0.233,0.241,0.5283,0.249,0.225,2.124,8.013,,,,-0.05142
1,"ATLAS-NOTABS, FIN SPAN 5.25 IN",WING-BODY CONFIGURATION,radian,4.484,24000.0,59655.67,13.665,511.538,29997000.0,20.831,5.15,5.15,67.53,0.0,3.0,0.244,0.39,0.8266,0.402,0.223,2.055,9.148,,,,-0.07869
1,"ATLAS-NOTABS, FIN SPAN 5.25 IN",WING-BODY CONFIGURATION,radian,4.484,24000.0,59655.67,13.665,511.538,29997000.0,20.831,5.15,5.15,67.53,0.0,4.0,0.261,0.56,1.158,0.577,0.221,2.008,10.41,,,,-0.1066
1,"ATLAS-NOTABS, FIN SPAN 5.25 IN",WING-BODY CONFIGURATION,radian,4.484,24000.0,59655.67,13.665,511.538,29997000.0,20.831,5.15,5.15,67.53,0.0,5.0,0.285,0.753,1.5335,0.775,0.218,1.978,11.53,,,,-0.1348
1,"ATLAS-NOTABS, FIN SPAN 5.25 IN",WING-BODY CONFIGURATION,radian,4.484,24000.0,59655.67,13.665,511.538,29997000.0,20.831,5.15,5.15,67.53,0.0,6.0,0.319,0.963,1.9749,0.991,0.217,1.994,13.39,,,,-0.1633
1,"ATLAS-NOTABS, FIN SPAN 5.25 IN",WING-BODY CONFIGURATION,radian,4.484,24000.0,59655.67,13.665,511.538,29997000.0,20.831,5.15,5.15,67.53,0.0,7.0,0.365,1.221,2.5007,1.256,0.214,1.991,16.07,,,,-0.1917
1,"ATLAS-NOTABS, FIN SPAN 5.25 IN",WING-BODY CONFIGURATION,radian,4.484,24000.0,59655.67,13.665,511.538,29997000.0,20.831,5.15,5.15,67.53,0.0,8.0,0.427,1.524,3.1312,1.568,0.21,1.997,18.86,,,,-0.22
1,"ATLAS-NOTABS, FIN SPAN 5.25 IN",WING-BODY CONFIGURATION,radian,4.484,24000.0,59655.67,13.665,511.538,29997000.0,20.831,5.15,5.15,67.53,0.0,9.0,0.507,1.879,3.8902,1.935,0.207,2.01,20.9,,,,-0.2479
1,"ATLAS-NOTABS, FIN SPAN 5.25 IN",WING-BODY CONFIGURATION,radian,4.484,24000.0,59655.67,13.665,511.538,29997000.0,20.831,5.15,5.15,67.53,0.0,10.0,0.604,2.253,4.6926,2.324,0.203,2.019,21.98,,,,-0.2758
1,"ATLAS-NOTABS, FIN SPAN 5.25 IN",WING-BODY CONFIGURATION,radian,4.742,24000.0,63086.57,13.665,511.538,31722000.0,20.831,5.15,5.15,67.53,0.0,0.0,0.222,0.0,-0.0,0.0,0.222,,5.817,13.82,-3.358,-55.47,1.745e-32
1,"ATLAS-NOTABS, FIN SPAN 5.25 IN",WING-BODY CONFIGURATION,radian,4.742,24000.0,63086.57,13.665,511.538,31722000.0,20.831,5.15,5.15,67.53,0.0,1.0,0.224,0.107,0.2705,0.111,0.222,2.444,6.768,,,,-0.0227
1,"ATLAS-NOTABS, FIN SPAN 5.25 IN",WING-BODY CONFIGURATION,radian,4.742,24000.0,63086.57,13.665,511.538,31722000.0,20.831,5.15,5.15,67.53,0.0,2.0,0.229,0.236,0.5406,0.244,0.221,2.215,7.923,,,,-0.04804
1,"ATLAS-NOTABS, FIN SPAN 5.25 IN",WING-BODY CONFIGURATION,radian,4.742,24000.0,63086.57,13.665,511.538,31722000.0,20.831,5.15,5.15,67.53,0.0,3.0,0.24,0.383,0.8456,0.395,0.219,2.139,9.04,,,,-0.07356
1,"ATLAS-NOTABS, FIN SPAN 5.25 IN",WING-BODY CONFIGURATION,radian,4.742,24000.0,63086.57,13.665,511.538,31722000.0,20.831,5.15,5.15,67.53,0.0,4.0,0.256,0.552,1.1861,0.568,0.217,2.087,10.37,,,,-0.09964
1,"ATLAS-NOTABS, FIN SPAN 5.25 IN",WING-BODY CONFIGURATION,radian,4.742,24000.0,63086.57,13.665,511.538,31722000.0,20.831,5.15,5.15,67.53,0.0,5.0,0.281,0.745,1.5743,0.767,0.215,2.052,11.59,,,,-0.1261
1,"ATLAS-NOTABS, FIN SPAN 5.25 IN",WING-BODY CONFIGURATION,radian,4.742,24000.0,63086.57,13.665,511.538,31722000.0,20.831,5.15,5.15,67.53,0.0,6.0,0.315,0.956,2.0317,0.984,0.213,2.065,13.64,,,,-0.1527
1,"ATLAS-NOTABS, FIN SPAN 5.25 IN",WING-BODY CONFIGURATION,radian,4.742,24000.0,63086.57,13.665,511.538,31722000.0,20.831,5.15,5.15,67.53,0.0,7.0,0.362,1.221,2.5854,1.256,0.21,2.058,16.57,,,,-0.1792
1,"ATLAS-NOTABS, FIN SPAN 5.25 IN",WING-BODY CONFIGURATION,radian,4.742,24000.0,63086.57,13.665,511.538,31722000.0,20.831,5.15,5.15,67.53,0.0,8.0,0.425,1.535,3.2539,1.579,0.207,2.061,19.18,,,,-0.2057
1,"ATLAS-NOTABS, FIN SPAN 5.25 IN",WING-BODY CONFIGURATION,radian,4.742,24000.0,63086.57,13.665,511.538,31722000.0,20.831,5.15,5.15,67.53,0.0,9.0,0.506,1.891,4.0269,1.947,0.204,2.069,20.48,,,,-0.2317
1,"ATLAS-NOTABS, FIN SPAN 5.25 IN",WING-BODY CONFIGURATION,radian,4.742,24000.0,63086.57,13.665,511.538,31722000.0,20.831,5.15,5.15,67.53,0.0,10.0,0.6,2.25,4.8077,2.32,0.2,2.072,20.67,,,,-0.2578
1,"ATLAS-NOTABS, FIN SPAN 5.25 IN",WING-BODY CONFIGURATION,radian,5.0,24000.0,66517.47,13.665,511.538,33447000.0,20.831,5.15,5.15,67.53,0.0,0.0,0.218,0.0,-0.0,0.0,0.218,,5.696,14.07,-3.354,-55.75,1.879e-32
1,"ATLAS-NOTABS, FIN SPAN 5.25 IN",WING-BODY CONFIGURATION,radian,5.0,24000.0,66517.47,13.665,511.538,33447000.0,20.831,5.15,5.15,67.53,0.0,1.0,0.22,0.105,0.2737,0.109,0.218,2.521,6.649,,,,-0.02136
1,"ATLAS-NOTABS, FIN SPAN 5.25 IN",WING-BODY CONFIGURATION,radian,5.0,24000.0,66517.47,13.665,511.538,33447000.0,20.831,5.15,5.15,67.53,0.0,2.0,0.225,0.232,0.5475,0.24,0.217,2.283,7.809,,,,-0.04531
1,"ATLAS-NOTABS, FIN SPAN 5.25 IN",WING-BODY CONFIGURATION,radian,5.0,24000.0,66517.47,13.665,511.538,33447000.0,20.831,5.15,5.15,67.53,0.0,3.0,0.235,0.377,0.8569,0.389,0.215,2.202,8.941,,,,-0.06941
1,"ATLAS-NOTABS, FIN SPAN 5.25 IN",WING-BODY CONFIGURATION,radian,5.0,24000.0,66517.47,13.665,511.538,33447000.0,20.831,5.15,5.15,67.53,0.0,4.0,0.252,0.544,1.2035,0.56,0.213,2.147,10.35,,,,-0.09402
1,"ATLAS-NOTABS, FIN SPAN 5.25 IN",WING-BODY CONFIGURATION,radian,5.0,24000.0,66517.47,13.665,511.538,33447000.0,20.831,5.15,5.15,67.53,0.0,5.0,0.276,0.739,1.6029,0.76,0.211,2.109,11.73,,,,-0.119
1,"ATLAS-NOTABS, FIN SPAN 5.25 IN",WING-BODY CONFIGURATION,radian,5.0,24000.0,66517.47,13.665,511.538,33447000.0,20.831,5.15,5.15,67.53,0.0,6.0,0.311,0.954,2.0783,0.981,0.209,2.119,13.9,,,,-0.1441
1,"ATLAS-NOTABS, FIN SPAN 5.25 IN",WING-BODY CONFIGURATION,radian,5.0,24000.0,66517.47,13.665,511.538,33447000.0,20.831,5.15,5.15,67.53,0.0,7.0,0.358,1.224,2.6534,1.259,0.207,2.108,17.0,,,,-0.1691
1,"ATLAS-NOTABS, FIN SPAN 5.25 IN",WING-BODY CONFIGURATION,radian,5.0,24000.0,66517.47,13.665,511.538,33447000.0,20.831,5.15,5.15,67.53,0.0,8.0,0.423,1.547,3.3551,1.591,0.204,2.109,19.15,,,,-0.194
1,"ATLAS-NOTABS, FIN SPAN 5.25 IN",WING-BODY CONFIGURATION,radian,5.0,24000.0,66517.47,13.665,511.538,33447000.0,20.831,5.15,5.15,67.53,0.0,9.0,0.503,1.892,4.1118,1.948,0.201,2.111,19.77,,,,-0.2186
1,"ATLAS-NOTABS, FIN SPAN 5.25 IN",WING-BODY CONFIGURATION,radian,5.0,24000.0,66517.47,13.665,511.538,33447000.0,20.831,5.15,5.15,67.53,0.0,10.0,0.595,2.237,4.8728,2.307,0.197,2.113,19.75,,,,-0.2431
